GO_1	GO_2	GO_1_Depth	GO_1_Leaf_Distance	GO_2_Depth	GO_2_Leaf_Distance	GO_1_to_GO_2_Hops_Undirected
GO:0046155	GO:0046164	5	0	4.0	1.0	5.0
GO:1903425	GO:1901702	5	1	3.0	1.0	4.0
GO:0042070	GO:0022412	4	0	2.0	1.0	2.0
GO:0033249	GO:0031331	7	0	6.0	1.0	2.0
GO:0071285	GO:1902075	6	0	4.0	1.0	4.0
GO:0039507	GO:0039506	5	1	3.0	2.0	2.0
GO:0001545	GO:0048589	2	1	2.0	1.0	2.0
GO:0030877	GO:1902494	2	0	2.0	1.0	2.0
GO:0106274	GO:1990404	6	0	3.0	0.0	3.0
GO:0071805	GO:0098655	6	1	4.0	1.0	2.0
GO:0002941	GO:0050673	3	0	3.0	1.0	2.0
GO:0035833	GO:1901362	7	0	4.0	1.0	3.0
GO:0140462	GO:0031507	6	2	6.0	1.0	2.0
GO:0090454	GO:0042886	5	1	5.0	1.0	3.0
GO:2000278	GO:0031326	6	2	5.0	1.0	2.0
GO:1905440	GO:0071326	5	0	6.0	1.0	3.0
GO:0062208	GO:0045089	6	1	6.0	1.0	3.0
GO:0004657	GO:0016649	4	0	4.0	1.0	2.0
GO:0005254	GO:0015108	6	1	4.0	0.0	4.0
GO:0019049	GO:0019054	3	1	3.0	1.0	2.0
GO:0039693	GO:0071897	3	1	5.0	2.0	7.0
GO:1901367	GO:1902074	5	1	3.0	2.0	4.0
GO:0006739	GO:0046496	2	1	6.0	1.0	2.0
GO:1900539	GO:0019752	3	1	5.0	1.0	3.0
GO:1904214	GO:1903961	8	0	7.0	1.0	2.0
GO:0034694	GO:0033993	4	2	4.0	1.0	3.0
GO:0007610	GO:0032501	1	1	1.0	1.0	2.0
GO:0030437	GO:1903046	3	0	2.0	1.0	2.0
GO:0080162	GO:0060918	4	0	5.0	1.0	2.0
GO:1990622	GO:0005667	2	0	2.0	1.0	2.0
GO:1900082	GO:0031330	7	0	6.0	1.0	2.0
GO:0019872	GO:0044272	5	0	4.0	1.0	4.0
GO:0061136	GO:0042176	8	3	5.0	1.0	3.0
GO:0042592	GO:0008150	3	2	0.0	1.0	3.0
GO:0016469	GO:1904949	3	1	3.0	1.0	3.0
GO:0070828	GO:0006338	5	1	5.0	2.0	2.0
GO:1903781	GO:0048518	5	0	3.0	1.0	2.0
GO:1902080	GO:0051924	6	1	7.0	2.0	2.0
GO:0034355	GO:0032261	6	0	5.0	2.0	3.0
GO:0018249	GO:0036211	6	1	4.0	2.0	2.0
GO:0043799	GO:0052595	5	0	5.0	0.0	2.0
GO:0005253	GO:0008509	5	1	4.0	1.0	2.0
GO:0052542	GO:0009743	4	1	4.0	1.0	5.0
GO:0005952	GO:1902554	3	0	6.0	1.0	4.0
GO:1990469	GO:1990923	3	0	2.0	0.0	3.0
GO:0071285	GO:1901701	6	0	4.0	1.0	4.0
GO:1905032	GO:0048519	6	1	3.0	1.0	4.0
GO:0000098	GO:0046395	5	1	5.0	1.0	2.0
GO:0051202	GO:0043648	5	1	6.0	1.0	4.0
GO:0046155	GO:0030163	5	0	4.0	1.0	2.0
GO:0002050	GO:1901361	5	0	4.0	1.0	4.0
GO:0010599	GO:0030422	9	0	9.0	1.0	2.0
GO:0044672	GO:1902494	2	0	2.0	1.0	2.0
GO:1905626	GO:0034764	7	0	5.0	1.0	3.0
GO:0009815	GO:0016715	5	0	4.0	1.0	5.0
GO:1900319	GO:0033239	6	0	6.0	1.0	2.0
GO:1900854	GO:0010566	6	0	6.0	2.0	2.0
GO:1902323	GO:0045717	6	0	7.0	1.0	2.0
GO:0042220	GO:1902074	4	1	3.0	2.0	3.0
GO:1901568	GO:0006629	3	2	3.0	1.0	2.0
GO:0031048	GO:0031047	7	1	7.0	1.0	3.0
GO:0009415	GO:0010033	3	1	3.0	1.0	3.0
GO:0055064	GO:0055081	8	1	6.0	1.0	2.0
GO:0051380	GO:0043169	4	0	3.0	1.0	3.0
GO:0015747	GO:0071705	6	0	4.0	1.0	3.0
GO:0007059	GO:0022402	2	3	2.0	1.0	2.0
GO:0006882	GO:0098771	7	0	6.0	2.0	3.0
GO:0015115	GO:1901702	5	0	3.0	1.0	4.0
GO:0015746	GO:0071705	6	1	4.0	1.0	3.0
GO:0015106	GO:0015318	6	1	3.0	1.0	4.0
GO:0015796	GO:0034219	6	0	3.0	1.0	2.0
GO:0035601	GO:0036211	6	1	4.0	2.0	2.0
GO:0034133	GO:0062208	8	0	6.0	1.0	2.0
GO:0015706	GO:1902025	5	1	6.0	0.0	1.0
GO:0005835	GO:1902494	2	0	2.0	1.0	2.0
GO:1900320	GO:0033240	6	0	6.0	1.0	2.0
GO:0008047	GO:0140677	3	1	2.0	1.0	3.0
GO:0010041	GO:1902074	6	1	3.0	2.0	5.0
GO:0036272	GO:1902074	4	0	3.0	2.0	3.0
GO:1902272	GO:0034762	7	1	4.0	2.0	3.0
GO:1904360	GO:0051093	6	1	4.0	1.0	2.0
GO:0015694	GO:0098655	6	0	4.0	1.0	2.0
GO:0000159	GO:0008287	4	0	4.0	1.0	2.0
GO:0015689	GO:0071705	7	1	4.0	1.0	3.0
GO:0031061	GO:0031324	9	1	5.0	1.0	4.0
GO:0034744	GO:0140535	2	0	2.0	1.0	2.0
GO:0005839	GO:0140535	2	1	2.0	1.0	2.0
GO:0070078	GO:0016577	6	0	4.0	2.0	2.0
GO:0061058	GO:0062207	5	1	5.0	2.0	2.0
GO:0000758	GO:0051703	3	0	1.0	1.0	2.0
GO:0097251	GO:0042759	5	0	6.0	1.0	3.0
GO:1901606	GO:0046395	5	1	5.0	1.0	2.0
GO:0015124	GO:0046943	4	0	4.0	1.0	3.0
GO:0046584	GO:0072338	3	1	3.0	2.0	3.0
GO:0034176	GO:0039532	7	0	6.0	1.0	4.0
GO:0071078	GO:1902494	4	0	2.0	1.0	4.0
GO:0045869	GO:1902679	6	0	7.0	1.0	7.0
GO:0034131	GO:0062207	7	1	5.0	2.0	2.0
GO:0099585	GO:0051649	6	0	3.0	1.0	4.0
GO:0060238	GO:2000241	5	2	3.0	1.0	2.0
GO:0015730	GO:0071705	7	0	4.0	1.0	4.0
GO:0036409	GO:0140513	5	1	2.0	1.0	3.0
GO:0099118	GO:0007017	5	2	2.0	1.0	3.0
GO:0008519	GO:0015267	6	1	4.0	1.0	3.0
GO:0015550	GO:0046943	6	0	4.0	1.0	3.0
GO:1905830	GO:0050996	6	0	6.0	1.0	2.0
GO:1902555	GO:1905348	3	1	3.0	1.0	2.0
GO:0046415	GO:0072521	4	1	4.0	2.0	4.0
GO:0015496	GO:0015297	5	0	5.0	1.0	2.0
GO:1903579	GO:1900543	5	1	7.0	1.0	2.0
GO:0044675	GO:1902494	2	0	2.0	1.0	2.0
GO:1900578	GO:0046394	4	0	5.0	1.0	2.0
GO:0036051	GO:0008104	5	1	3.0	1.0	2.0
GO:0010486	GO:0051139	6	0	6.0	1.0	2.0
GO:0016255	GO:0036211	6	0	4.0	2.0	2.0
GO:0045119	GO:0015297	4	1	5.0	1.0	3.0
GO:0035158	GO:0035151	6	0	4.0	2.0	2.0
GO:0017101	GO:1902494	2	0	2.0	1.0	2.0
GO:2000058	GO:0031329	8	3	5.0	1.0	3.0
GO:0030015	GO:0140535	2	0	2.0	1.0	2.0
GO:1990539	GO:0015755	6	0	6.0	1.0	2.0
GO:1902341	GO:0034219	6	1	3.0	1.0	2.0
GO:0035751	GO:0065008	9	1	2.0	1.0	6.0
GO:0035432	GO:0034764	8	0	5.0	1.0	3.0
GO:0006735	GO:0008152	3	1	1.0	1.0	2.0
GO:0048520	GO:0051240	4	1	4.0	1.0	2.0
GO:0061057	GO:0002221	4	0	4.0	1.0	2.0
GO:0015813	GO:0051938	5	1	6.0	1.0	2.0
GO:0030642	GO:0055082	7	0	3.0	1.0	4.0
GO:1901683	GO:0022857	5	1	2.0	1.0	3.0
GO:1900178	GO:0051172	6	0	5.0	1.0	3.0
GO:0052929	GO:0070566	9	0	5.0	1.0	4.0
GO:0015607	GO:0034040	4	0	3.0	1.0	3.0
GO:2001306	GO:0042759	5	0	6.0	1.0	3.0
GO:1904350	GO:0042176	7	2	5.0	1.0	2.0
GO:1904359	GO:0050794	5	2	3.0	1.0	2.0
GO:0033242	GO:0009895	7	1	5.0	1.0	2.0
GO:0030394	GO:0019752	4	0	5.0	1.0	3.0
GO:0015724	GO:0071705	6	1	4.0	1.0	3.0
GO:0042542	GO:0010033	4	1	3.0	1.0	3.0
GO:0010961	GO:0030003	7	0	5.0	1.0	2.0
GO:0032364	GO:0055082	6	0	3.0	1.0	3.0
GO:0010524	GO:1904427	4	1	7.0	1.0	2.0
GO:0002951	GO:0008242	5	0	4.0	1.0	3.0
GO:0030007	GO:0030003	7	1	5.0	1.0	2.0
GO:0006777	GO:0032324	5	1	4.0	0.0	2.0
GO:0009694	GO:0001676	4	1	5.0	1.0	3.0
GO:0018214	GO:0036211	6	1	4.0	2.0	2.0
GO:0033054	GO:0043170	6	0	3.0	1.0	5.0
GO:0060525	GO:0003006	4	0	2.0	1.0	2.0
GO:0043858	GO:0015297	6	0	5.0	1.0	3.0
GO:0061907	GO:0032413	5	0	5.0	1.0	2.0
GO:2001247	GO:0031328	7	0	6.0	1.0	2.0
GO:0034148	GO:0002683	7	0	4.0	1.0	4.0
GO:2000259	GO:1903319	5	1	7.0	1.0	2.0
GO:0106150	GO:0046189	5	0	5.0	1.0	3.0
GO:1904314	GO:0071418	5	0	5.0	1.0	5.0
GO:1901030	GO:0035794	5	1	5.0	3.0	3.0
GO:0090675	GO:0034109	2	0	4.0	1.0	4.0
GO:0042864	GO:0046394	5	0	5.0	1.0	2.0
GO:0031990	GO:1901698	5	0	3.0	1.0	5.0
GO:0019783	GO:0008233	5	1	3.0	1.0	2.0
GO:0016595	GO:0033218	5	0	2.0	1.0	3.0
GO:0033591	GO:1902074	5	1	3.0	2.0	4.0
GO:0060965	GO:1900369	5	1	5.0	1.0	2.0
GO:2000867	GO:2000831	5	1	5.0	2.0	2.0
GO:0033588	GO:1902494	3	0	2.0	1.0	3.0
GO:0030208	GO:0046364	5	0	4.0	1.0	5.0
GO:0060410	GO:0031324	5	1	5.0	1.0	2.0
GO:0050568	GO:0140096	5	0	2.0	1.0	4.0
GO:0034018	GO:0016862	5	0	4.0	1.0	3.0
GO:1903830	GO:0098655	6	2	4.0	1.0	2.0
GO:0033365	GO:0008104	5	1	3.0	1.0	2.0
GO:1901029	GO:0035795	6	0	5.0	1.0	3.0
GO:0042720	GO:1902494	4	0	2.0	1.0	4.0
GO:0051592	GO:0010033	5	1	3.0	1.0	4.0
GO:1900788	GO:0072338	4	1	3.0	2.0	2.0
GO:0045727	GO:0051247	7	1	6.0	1.0	2.0
GO:0075004	GO:0044650	3	0	3.0	1.0	2.0
GO:1900646	GO:0031326	6	1	5.0	1.0	2.0
GO:0106378	GO:0047429	5	0	6.0	1.0	3.0
GO:0033502	GO:0033500	4	0	5.0	2.0	2.0
GO:0020035	GO:0044650	3	0	3.0	1.0	2.0
GO:0004971	GO:0022890	6	0	4.0	2.0	3.0
GO:0005278	GO:0015078	5	0	5.0	1.0	2.0
GO:0018901	GO:1901564	4	1	3.0	1.0	3.0
GO:0046034	GO:0009205	2	1	7.0	2.0	3.0
GO:0045740	GO:0051054	7	2	6.0	1.0	3.0
GO:0071247	GO:1902075	5	0	4.0	1.0	3.0
GO:0034139	GO:0039531	7	1	5.0	2.0	3.0
GO:0001626	GO:0008528	6	0	4.0	1.0	2.0
GO:0045493	GO:2000895	7	2	7.0	1.0	2.0
GO:0080021	GO:1902074	4	1	3.0	2.0	3.0
GO:0035434	GO:0098655	6	1	4.0	1.0	2.0
GO:0004152	GO:0016627	5	1	3.0	1.0	2.0
GO:0140674	GO:0140096	4	1	2.0	1.0	5.0
GO:0034180	GO:0039532	7	0	6.0	1.0	4.0
GO:0090624	GO:0045182	7	0	1.0	1.0	8.0
GO:0019472	GO:1901362	5	0	4.0	1.0	3.0
GO:0006882	GO:0030003	7	0	5.0	1.0	2.0
GO:0018193	GO:0036211	6	2	4.0	2.0	2.0
GO:1900800	GO:0019752	3	1	5.0	1.0	3.0
GO:0090235	GO:0032879	5	2	3.0	1.0	2.0
GO:0006833	GO:0071702	5	1	4.0	1.0	3.0
GO:0043541	GO:1902494	3	0	2.0	1.0	3.0
GO:0005085	GO:0140677	5	0	2.0	1.0	5.0
GO:0010550	GO:0042176	7	0	5.0	1.0	2.0
GO:1905033	GO:0048518	6	1	3.0	1.0	4.0
GO:0042573	GO:0042445	4	1	2.0	2.0	2.0
GO:0097485	GO:0031175	3	1	6.0	1.0	6.0
GO:0019677	GO:0006195	7	0	6.0	2.0	3.0
GO:0031400	GO:0051248	7	1	6.0	1.0	2.0
GO:0140704	GO:0043168	5	0	3.0	1.0	3.0
GO:2001001	GO:2000989	7	2	7.0	1.0	2.0
GO:0080112	GO:0022414	3	0	1.0	1.0	2.0
GO:0034171	GO:0039531	7	1	5.0	2.0	3.0
GO:0000761	GO:0098610	3	0	4.0	2.0	2.0
GO:0062158	GO:0022853	5	0	4.0	1.0	3.0
GO:0035738	GO:0035821	3	1	2.0	1.0	3.0
GO:0035725	GO:0098655	6	1	4.0	1.0	2.0
GO:0046618	GO:0140352	5	1	2.0	2.0	3.0
GO:0043605	GO:0009056	5	1	2.0	1.0	3.0
GO:0045942	GO:0010563	4	0	6.0	1.0	4.0
GO:0140703	GO:0032561	5	0	5.0	1.0	3.0
GO:0015108	GO:0015103	4	0	4.0	1.0	2.0
GO:0031431	GO:1902554	3	0	6.0	1.0	4.0
GO:1902893	GO:2000628	7	1	6.0	2.0	5.0
GO:0015091	GO:1901682	8	1	3.0	1.0	4.0
GO:0052598	GO:0052597	5	0	5.0	0.0	2.0
GO:2000120	GO:0051050	7	0	4.0	1.0	3.0
GO:0030205	GO:0032787	4	1	6.0	1.0	3.0
GO:0090052	GO:0010964	7	1	7.0	1.0	2.0
GO:0075031	GO:0051094	6	0	4.0	1.0	3.0
GO:0019694	GO:0006082	3	1	3.0	1.0	2.0
GO:1902860	GO:0046949	5	0	5.0	1.0	2.0
GO:0070212	GO:0043687	7	0	6.0	1.0	3.0
GO:0033792	GO:0016616	4	0	4.0	1.0	4.0
GO:0006846	GO:0071705	6	2	4.0	1.0	3.0
GO:0046058	GO:0052652	7	1	7.0	1.0	2.0
GO:0008212	GO:0009987	4	2	1.0	1.0	3.0
GO:0005261	GO:0008324	5	1	4.0	1.0	2.0
GO:0006821	GO:0006820	7	1	5.0	1.0	2.0
GO:0019471	GO:1901360	4	1	3.0	1.0	3.0
GO:1905014	GO:1902690	8	0	5.0	1.0	5.0
GO:0015730	GO:0015913	7	0	7.0	0.0	2.0
GO:0047057	GO:0016728	5	0	4.0	2.0	5.0
GO:0039516	GO:0019048	4	1	2.0	1.0	2.0
GO:1990143	GO:1902494	2	0	2.0	1.0	2.0
GO:0005601	GO:1902494	2	0	2.0	1.0	2.0
GO:0070779	GO:0015810	5	0	5.0	0.0	2.0
GO:0006734	GO:0019674	2	1	2.0	1.0	2.0
GO:0030895	GO:0045293	3	0	2.0	1.0	3.0
GO:0046444	GO:0052648	5	1	6.0	1.0	4.0
GO:0051478	GO:0019752	4	1	5.0	1.0	3.0
GO:0010835	GO:0051338	7	1	4.0	1.0	5.0
GO:0046068	GO:0052652	7	1	7.0	1.0	2.0
GO:1901055	GO:0006807	7	1	2.0	1.0	5.0
GO:0071311	GO:1901699	5	0	4.0	1.0	3.0
GO:0034081	GO:1902494	2	1	2.0	1.0	2.0
GO:2000442	GO:0062208	8	0	6.0	1.0	2.0
GO:1901327	GO:0010243	3	1	4.0	1.0	3.0
GO:0039657	GO:0050794	4	2	3.0	1.0	2.0
GO:2000541	GO:0031325	8	0	5.0	1.0	3.0
GO:0071273	GO:0044273	6	0	4.0	1.0	4.0
GO:0034488	GO:0032974	4	0	4.0	1.0	2.0
GO:1990249	GO:0044815	2	1	2.0	1.0	2.0
GO:1900781	GO:1901362	6	0	4.0	1.0	2.0
GO:0097271	GO:0008104	5	0	3.0	1.0	2.0
GO:1901684	GO:0055085	5	0	2.0	1.0	3.0
GO:0070219	GO:0055082	7	0	3.0	1.0	4.0
GO:1900160	GO:0051276	9	0	5.0	1.0	4.0
GO:0005955	GO:0140535	4	0	2.0	1.0	2.0
GO:0046343	GO:0006807	5	1	2.0	1.0	3.0
GO:0006470	GO:0036211	6	1	4.0	2.0	2.0
GO:0007204	GO:0065008	9	1	2.0	1.0	3.0
GO:1902656	GO:0006816	5	1	7.0	1.0	2.0
GO:1900072	GO:0051050	7	1	4.0	1.0	3.0
GO:0046300	GO:1901565	5	0	4.0	1.0	3.0
GO:0070332	GO:1902494	2	0	2.0	1.0	2.0
GO:0120248	GO:1901575	3	2	3.0	1.0	2.0
GO:0072541	GO:0004601	3	0	2.0	1.0	3.0
GO:1903425	GO:0008509	5	1	4.0	1.0	2.0
GO:0019501	GO:0046395	5	0	5.0	1.0	2.0
GO:0031250	GO:1902494	2	0	2.0	1.0	2.0
GO:1904361	GO:0048522	6	1	4.0	1.0	2.0
GO:0140330	GO:0042908	4	0	4.0	1.0	2.0
GO:0008207	GO:0042445	4	2	2.0	2.0	2.0
GO:0006876	GO:0030003	7	0	5.0	1.0	2.0
GO:0035923	GO:0031406	3	0	4.0	1.0	3.0
GO:0034745	GO:1905360	2	0	3.0	1.0	3.0
GO:0051958	GO:0072337	6	0	5.0	1.0	3.0
GO:0018143	GO:0036211	6	2	4.0	2.0	2.0
GO:0045883	GO:0032109	4	0	7.0	1.0	4.0
GO:0044677	GO:1902494	2	0	2.0	1.0	2.0
GO:0035864	GO:1902074	5	1	3.0	2.0	4.0
GO:0019674	GO:0006163	2	1	5.0	2.0	5.0
GO:0005835	GO:0140535	2	0	2.0	1.0	2.0
GO:0060395	GO:0035556	3	0	3.0	1.0	2.0
GO:1903493	GO:1902074	4	0	3.0	2.0	3.0
GO:0042873	GO:1905039	5	1	4.0	1.0	2.0
GO:0006182	GO:0009190	8	0	7.0	2.0	2.0
GO:0010856	GO:0010853	4	0	4.0	2.0	2.0
GO:0031211	GO:0002178	3	2	4.0	4.0	2.0
GO:0015874	GO:0015695	7	1	5.0	1.0	4.0
GO:0052183	GO:0051702	5	2	3.0	1.0	2.0
GO:1903704	GO:0070921	6	0	7.0	0.0	3.0
GO:0010034	GO:1902074	4	1	3.0	2.0	3.0
GO:0008278	GO:0044815	2	2	2.0	1.0	2.0
GO:0097076	GO:1902911	2	0	5.0	1.0	4.0
GO:0035278	GO:0017148	9	0	7.0	1.0	2.0
GO:0051476	GO:0009401	6	0	6.0	0.0	2.0
GO:0030653	GO:0009308	3	2	4.0	1.0	2.0
GO:0035864	GO:1901700	5	1	3.0	1.0	4.0
GO:0072707	GO:1901701	5	0	4.0	1.0	3.0
GO:0070690	GO:0043605	6	0	5.0	1.0	4.0
GO:0007220	GO:0019538	5	0	3.0	1.0	2.0
GO:0014727	GO:0048636	8	0	5.0	1.0	3.0
GO:0045572	GO:0048639	6	0	5.0	1.0	2.0
GO:0006704	GO:0120178	6	1	4.0	1.0	2.0
GO:0010854	GO:0010851	5	1	3.0	1.0	2.0
GO:0060919	GO:0098739	6	1	3.0	1.0	5.0
GO:0061553	GO:0071695	5	2	3.0	1.0	2.0
GO:0034587	GO:0070918	7	1	8.0	1.0	3.0
GO:0072748	GO:0071407	4	0	5.0	1.0	3.0
GO:0062207	GO:0045088	5	2	5.0	2.0	2.0
GO:1902324	GO:0045723	6	0	7.0	1.0	2.0
GO:0000745	GO:0022414	5	0	1.0	1.0	3.0
GO:1902894	GO:2000629	8	0	7.0	1.0	5.0
GO:0036254	GO:1902075	5	0	4.0	1.0	4.0
GO:0030209	GO:0072329	5	0	6.0	1.0	3.0
GO:1901569	GO:0016042	4	1	4.0	1.0	2.0
GO:0004810	GO:0070567	8	1	5.0	1.0	5.0
GO:0015520	GO:0015297	6	0	5.0	1.0	3.0
GO:0071315	GO:1902075	7	0	4.0	1.0	5.0
GO:1900332	GO:0033240	6	0	6.0	1.0	2.0
GO:1903966	GO:0006633	5	0	5.0	1.0	2.0
GO:0052841	GO:0008486	6	1	6.0	0.0	2.0
GO:0052710	GO:0009063	6	0	4.0	1.0	3.0
GO:0071246	GO:1902075	5	0	4.0	1.0	3.0
GO:0019470	GO:0046700	5	0	4.0	1.0	3.0
GO:0019197	GO:1902494	2	0	2.0	1.0	2.0
GO:0044656	GO:0097494	5	0	5.0	3.0	2.0
GO:0044667	GO:0015297	5	0	5.0	1.0	3.0
GO:0097295	GO:0044272	6	0	4.0	1.0	4.0
GO:1990818	GO:0072337	5	0	5.0	1.0	3.0
GO:0031421	GO:1902494	3	0	2.0	1.0	3.0
GO:0017101	GO:0140535	2	0	2.0	1.0	2.0
GO:0017013	GO:0036211	6	0	4.0	2.0	2.0
GO:0060390	GO:1902531	5	1	5.0	2.0	2.0
GO:0110153	GO:0016462	4	0	5.0	1.0	2.0
GO:0035431	GO:0032891	8	0	5.0	2.0	4.0
GO:1903580	GO:1900544	5	1	7.0	1.0	2.0
GO:0051481	GO:0065008	9	1	2.0	1.0	5.0
GO:0014725	GO:0048634	7	1	4.0	2.0	3.0
GO:0110065	GO:0032879	5	1	3.0	1.0	2.0
GO:0031406	GO:0043177	4	1	3.0	1.0	2.0
GO:1902690	GO:1900544	5	1	7.0	1.0	4.0
GO:0055063	GO:0098771	8	1	6.0	2.0	2.0
GO:0034136	GO:0009968	7	0	5.0	1.0	2.0
GO:0047066	GO:0004601	4	0	2.0	1.0	2.0
GO:0010024	GO:0043650	6	0	6.0	1.0	4.0
GO:0008348	GO:0031348	6	3	5.0	1.0	3.0
GO:1901354	GO:1902074	5	1	3.0	2.0	4.0
GO:0006116	GO:0008152	3	1	1.0	1.0	2.0
GO:2000774	GO:0031325	5	0	5.0	1.0	3.0
GO:1901571	GO:0006869	5	0	5.0	1.0	2.0
GO:0001755	GO:0090497	5	1	5.0	1.0	2.0
GO:0005277	GO:0015651	4	1	6.0	1.0	2.0
GO:0015499	GO:1901702	6	1	3.0	1.0	4.0
GO:1901352	GO:0031327	8	0	6.0	1.0	2.0
GO:0043603	GO:0006807	4	1	2.0	1.0	2.0
GO:0039673	GO:0019049	4	0	3.0	1.0	2.0
GO:0140225	GO:0044815	2	0	2.0	1.0	2.0
GO:0006877	GO:0030003	8	0	5.0	1.0	3.0
GO:0001139	GO:0030674	6	0	2.0	1.0	8.0
GO:0045861	GO:0051248	7	1	6.0	1.0	2.0
GO:0019499	GO:1901564	3	1	3.0	1.0	2.0
GO:0008933	GO:0016837	3	1	4.0	1.0	5.0
GO:0140723	GO:0046165	5	0	4.0	1.0	3.0
GO:0043543	GO:0036211	6	1	4.0	2.0	2.0
GO:0090422	GO:1901702	4	0	3.0	1.0	3.0
GO:1902273	GO:0034763	8	0	5.0	1.0	3.0
GO:1904187	GO:0050794	4	1	3.0	1.0	3.0
GO:0032803	GO:0042176	6	1	5.0	1.0	2.0
GO:0002754	GO:0002753	4	0	4.0	2.0	2.0
GO:0009368	GO:1902494	2	1	2.0	1.0	2.0
GO:0032217	GO:1901702	4	0	3.0	1.0	3.0
GO:0004117	GO:0004115	8	0	8.0	0.0	2.0
GO:0036453	GO:0035194	10	1	8.0	1.0	2.0
GO:0030956	GO:1902494	3	0	2.0	1.0	3.0
GO:1905829	GO:0050995	6	0	6.0	1.0	2.0
GO:2001000	GO:2000988	6	3	6.0	2.0	2.0
GO:0034145	GO:0062208	8	0	6.0	1.0	2.0
GO:0018215	GO:0036211	6	1	4.0	2.0	2.0
GO:0033609	GO:0006807	7	1	2.0	1.0	5.0
GO:0097275	GO:0055082	7	0	3.0	1.0	4.0
GO:0090612	GO:0016814	4	0	4.0	1.0	3.0
GO:0045571	GO:0048640	6	0	5.0	1.0	2.0
GO:0010512	GO:0031327	8	1	6.0	1.0	2.0
GO:0051870	GO:0072341	3	0	2.0	1.0	3.0
GO:0034151	GO:0062207	7	1	5.0	2.0	2.0
GO:0000097	GO:0046394	5	2	5.0	1.0	2.0
GO:0045283	GO:1902494	4	1	2.0	1.0	4.0
GO:0070906	GO:0015297	6	0	5.0	1.0	2.0
GO:0034775	GO:0055085	5	1	2.0	1.0	3.0
GO:0034157	GO:0062208	8	0	6.0	1.0	2.0
GO:0071088	GO:1902494	4	0	2.0	1.0	4.0
GO:0042572	GO:0042445	4	0	2.0	2.0	2.0
GO:0047822	GO:0016709	5	0	4.0	1.0	5.0
GO:0034141	GO:0062208	8	0	6.0	1.0	2.0
GO:0033069	GO:0072338	3	1	3.0	2.0	2.0
GO:0015793	GO:0034219	6	0	3.0	1.0	2.0
GO:0051673	GO:0052025	3	1	7.0	2.0	2.0
GO:0009847	GO:0048869	4	1	2.0	1.0	2.0
GO:0008214	GO:0036211	6	2	4.0	2.0	2.0
GO:0015501	GO:0042887	6	1	3.0	1.0	3.0
GO:0001550	GO:0048589	2	0	2.0	1.0	2.0
GO:0015138	GO:1901702	6	1	3.0	1.0	5.0
GO:0005452	GO:0015297	5	0	5.0	1.0	2.0
GO:0006703	GO:0042446	4	0	3.0	1.0	2.0
GO:1901752	GO:0042758	5	0	6.0	1.0	3.0
GO:0019869	GO:0008200	5	0	4.0	1.0	3.0
GO:0061515	GO:0030097	4	1	5.0	1.0	5.0
GO:0072338	GO:1901360	3	2	3.0	1.0	2.0
GO:0034165	GO:0062208	8	1	6.0	1.0	2.0
GO:1900555	GO:0072338	3	2	3.0	2.0	3.0
GO:0019471	GO:0046483	4	1	3.0	1.0	3.0
GO:0002144	GO:1902494	2	0	2.0	1.0	2.0
GO:1901728	GO:0019752	4	1	5.0	1.0	3.0
GO:0015112	GO:1901702	5	1	3.0	1.0	4.0
GO:0072741	GO:0008104	5	1	3.0	1.0	2.0
GO:1901151	GO:0030649	4	0	4.0	1.0	2.0
GO:0035865	GO:1902075	6	0	4.0	1.0	4.0
GO:0006260	GO:0006259	5	1	4.0	1.0	3.0
GO:0006517	GO:0036211	5	2	4.0	2.0	2.0
GO:0042556	GO:0003674	5	1	0.0	1.0	5.0
GO:0098709	GO:0098657	6	0	4.0	1.0	3.0
GO:1904783	GO:0032414	5	0	5.0	1.0	2.0
GO:1901351	GO:0031326	7	1	5.0	1.0	2.0
GO:0010858	GO:0003674	5	1	0.0	1.0	5.0
GO:1900349	GO:0033239	6	0	6.0	1.0	2.0
GO:0044696	GO:0001907	6	0	4.0	2.0	2.0
GO:0005956	GO:1902554	3	0	6.0	1.0	4.0
GO:1904728	GO:0031325	6	0	5.0	1.0	3.0
GO:0005278	GO:0015297	5	0	5.0	1.0	3.0
GO:1903424	GO:0098656	6	1	4.0	1.0	2.0
GO:0039671	GO:0019049	4	1	3.0	1.0	2.0
GO:2001255	GO:0031062	11	0	9.0	1.0	2.0
GO:1990151	GO:0008104	5	1	3.0	1.0	2.0
GO:0034152	GO:0002683	7	0	4.0	1.0	4.0
GO:0017087	GO:1902494	3	0	2.0	1.0	3.0
GO:1990636	GO:0044848	4	0	1.0	1.0	5.0
GO:1902274	GO:0034764	8	0	5.0	1.0	3.0
GO:0070647	GO:0036211	6	2	4.0	2.0	2.0
GO:2000311	GO:0032412	5	1	5.0	1.0	2.0
GO:0035694	GO:0030163	6	0	4.0	1.0	2.0
GO:0042702	GO:0048589	2	0	2.0	1.0	2.0
GO:0005385	GO:1901702	7	1	3.0	1.0	5.0
GO:0001966	GO:0007610	3	0	1.0	1.0	4.0
GO:0015724	GO:0019755	6	1	5.0	1.0	3.0
GO:1900925	GO:0034764	7	0	5.0	1.0	3.0
GO:1990710	GO:1990391	3	0	2.0	1.0	2.0
GO:0010522	GO:1903169	3	2	7.0	2.0	2.0
GO:0050866	GO:0051241	5	1	4.0	1.0	3.0
GO:0015350	GO:1901702	4	0	3.0	1.0	3.0
GO:1900849	GO:0062012	6	1	4.0	1.0	3.0
GO:0031054	GO:0035196	8	0	9.0	0.0	3.0
GO:0050993	GO:0071704	5	1	2.0	1.0	3.0
GO:0009074	GO:0046395	5	1	5.0	1.0	2.0
GO:0015229	GO:1901702	4	0	3.0	1.0	3.0
GO:2000773	GO:0031324	5	0	5.0	1.0	3.0
GO:1902062	GO:1901565	4	0	4.0	1.0	2.0
GO:0015705	GO:0006820	7	1	5.0	1.0	2.0
GO:0009435	GO:0006164	8	1	6.0	2.0	4.0
GO:0045119	GO:0015078	4	1	5.0	1.0	2.0
GO:0072748	GO:1901701	4	0	4.0	1.0	2.0
GO:0051287	GO:0030554	4	1	5.0	1.0	3.0
GO:0048642	GO:1901862	7	1	5.0	1.0	2.0
GO:1902025	GO:0015698	6	0	6.0	1.0	2.0
GO:0060321	GO:0022414	3	0	1.0	1.0	2.0
GO:0036346	GO:1902075	6	0	4.0	1.0	4.0
GO:0071714	GO:0005319	3	1	2.0	1.0	3.0
GO:0055074	GO:0055080	8	2	6.0	1.0	2.0
GO:1903544	GO:1902074	5	1	3.0	2.0	4.0
GO:0010352	GO:0090452	4	0	6.0	0.0	2.0
GO:0070213	GO:0043687	7	0	6.0	1.0	3.0
GO:0042040	GO:0036211	6	2	4.0	2.0	2.0
GO:0010217	GO:0030003	7	0	5.0	1.0	2.0
GO:0005244	GO:0022839	4	1	6.0	1.0	3.0
GO:1903928	GO:0071417	4	0	4.0	1.0	3.0
GO:0015904	GO:0055085	5	0	2.0	1.0	3.0
GO:0045293	GO:1902494	2	1	2.0	1.0	2.0
GO:0071090	GO:1902494	4	0	2.0	1.0	4.0
GO:1900348	GO:0033238	5	1	5.0	1.0	2.0
GO:0036363	GO:0007267	2	1	2.0	1.0	4.0
GO:2000441	GO:0002683	7	0	4.0	1.0	4.0
GO:0055074	GO:0098771	8	2	6.0	2.0	2.0
GO:0034253	GO:0009896	7	1	5.0	1.0	2.0
GO:0102091	GO:0052744	6	0	7.0	1.0	3.0
GO:2001156	GO:0034251	7	1	6.0	2.0	3.0
GO:0097080	GO:0055085	5	0	2.0	1.0	3.0
GO:0000761	GO:0022414	3	0	1.0	1.0	3.0
GO:0055070	GO:0098771	9	3	6.0	2.0	3.0
GO:0000782	GO:0044815	3	1	2.0	1.0	3.0
GO:0070909	GO:0015297	6	0	5.0	1.0	3.0
GO:0070332	GO:0140535	2	0	2.0	1.0	2.0
GO:0070079	GO:0016577	6	0	4.0	2.0	2.0
GO:1903705	GO:0070921	7	0	7.0	0.0	3.0
GO:0015200	GO:0015101	4	1	5.0	1.0	2.0
GO:0055064	GO:0098771	8	1	6.0	2.0	2.0
GO:0045780	GO:0051240	4	0	4.0	1.0	2.0
GO:0070543	GO:1902074	5	1	3.0	2.0	4.0
GO:0000752	GO:0051703	2	0	1.0	1.0	2.0
GO:1901012	GO:0018130	7	0	4.0	1.0	3.0
GO:1900931	GO:0034764	7	0	5.0	1.0	3.0
GO:1900851	GO:0062013	7	0	5.0	1.0	3.0
GO:0071885	GO:0008757	4	0	5.0	1.0	3.0
GO:0018527	GO:0008131	5	0	5.0	0.0	2.0
GO:0008213	GO:0036211	6	2	4.0	2.0	2.0
GO:0033819	GO:0016415	3	0	5.0	1.0	2.0
GO:0034168	GO:0009968	7	0	5.0	1.0	2.0
GO:0033487	GO:0009718	5	0	4.0	1.0	2.0
GO:0071525	GO:0019752	4	1	5.0	1.0	3.0
GO:2001157	GO:0034252	8	0	7.0	1.0	3.0
GO:0110066	GO:0048519	5	0	3.0	1.0	2.0
GO:0055062	GO:0098771	8	1	6.0	2.0	2.0
GO:0140217	GO:0034764	7	0	5.0	1.0	3.0
GO:0014713	GO:0048635	8	0	5.0	1.0	3.0
GO:0006702	GO:0042446	4	0	3.0	1.0	2.0
GO:0015312	GO:0015078	4	0	5.0	1.0	2.0
GO:0008519	GO:0022890	6	1	4.0	2.0	2.0
GO:0070538	GO:0036041	4	0	4.0	1.0	2.0
GO:0035444	GO:0098655	6	1	4.0	1.0	2.0
GO:0048870	GO:0009987	2	1	1.0	1.0	2.0
GO:0097068	GO:1902074	5	1	3.0	2.0	4.0
GO:0070930	GO:0036211	6	0	4.0	2.0	2.0
GO:0090266	GO:0010965	7	2	6.0	1.0	2.0
GO:1900607	GO:0046395	4	0	5.0	1.0	2.0
GO:0005278	GO:0022853	5	0	4.0	1.0	3.0
GO:0080048	GO:0070568	6	0	5.0	1.0	7.0
GO:2000278	GO:0010556	6	2	5.0	2.0	2.0
GO:0009357	GO:0140535	4	0	2.0	1.0	3.0
GO:0018277	GO:0036211	6	2	4.0	2.0	2.0
GO:0019289	GO:1901566	5	0	4.0	1.0	3.0
GO:0060906	GO:0060967	8	0	4.0	2.0	3.0
GO:0071717	GO:0015908	6	1	6.0	1.0	2.0
GO:0000096	GO:0019752	4	2	5.0	1.0	3.0
GO:0052653	GO:0009190	8	0	7.0	2.0	2.0
GO:0048521	GO:0051241	4	1	4.0	1.0	2.0
GO:0042047	GO:0032324	5	0	4.0	0.0	2.0
GO:0009690	GO:0042445	4	2	2.0	2.0	2.0
GO:0030026	GO:0030003	8	0	5.0	1.0	3.0
GO:1900781	GO:0035835	6	0	6.0	1.0	2.0
GO:0015110	GO:0022857	5	1	2.0	1.0	3.0
GO:0006824	GO:0098655	6	0	4.0	1.0	2.0
GO:0006124	GO:0019538	5	0	3.0	1.0	2.0
GO:0008928	GO:0070568	7	0	5.0	1.0	2.0
GO:0046970	GO:0017136	6	0	5.0	1.0	2.0
GO:2000869	GO:2000833	6	0	5.0	1.0	2.0
GO:0097196	GO:0032991	3	0	1.0	1.0	2.0
GO:0000752	GO:0098609	2	0	3.0	1.0	3.0
GO:1904917	GO:1990818	4	0	5.0	0.0	2.0
GO:0071379	GO:0071396	5	1	5.0	1.0	3.0
GO:1903928	GO:1902075	4	0	4.0	1.0	2.0
GO:0030546	GO:0140677	3	1	2.0	1.0	3.0
GO:1905010	GO:0034764	7	0	5.0	1.0	3.0
GO:0030641	GO:0030003	7	3	5.0	1.0	2.0
GO:0120256	GO:1901575	3	1	3.0	1.0	2.0
GO:0110129	GO:0016581	3	0	3.0	0.0	2.0
GO:0097280	GO:0034776	4	1	5.0	1.0	7.0
GO:0106045	GO:0009438	5	0	4.0	1.0	2.0
GO:0043823	GO:0016713	4	0	4.0	1.0	2.0
GO:0005347	GO:1901702	5	1	3.0	1.0	4.0
GO:0047934	GO:0016616	6	0	4.0	1.0	2.0
GO:1905439	GO:0034284	4	1	5.0	2.0	3.0
GO:0007620	GO:0007617	4	0	3.0	1.0	6.0
GO:0044747	GO:0031054	8	0	8.0	0.0	3.0
GO:0034181	GO:0062208	8	0	6.0	1.0	2.0
GO:0019457	GO:0043605	6	0	5.0	1.0	4.0
GO:0014711	GO:0048634	7	1	4.0	2.0	3.0
GO:0140084	GO:0022413	3	0	2.0	1.0	4.0
GO:1901567	GO:0008289	2	1	2.0	1.0	2.0
GO:0015515	GO:0015297	7	0	5.0	1.0	3.0
GO:1903927	GO:0010243	4	1	4.0	1.0	2.0
GO:0015787	GO:1905039	5	0	4.0	1.0	3.0
GO:0072339	GO:1901362	4	2	4.0	1.0	2.0
GO:0015012	GO:0044272	7	0	4.0	1.0	5.0
GO:0039532	GO:0009968	6	1	5.0	1.0	2.0
GO:0019448	GO:0042219	6	1	4.0	1.0	4.0
GO:0031990	GO:0014070	5	0	4.0	1.0	6.0
GO:0016570	GO:0036211	6	1	4.0	2.0	2.0
GO:0034164	GO:0039532	7	0	6.0	1.0	4.0
GO:0120269	GO:0140535	2	0	2.0	1.0	2.0
GO:0070425	GO:0039532	7	1	6.0	1.0	2.0
GO:0030205	GO:0005996	4	1	3.0	2.0	5.0
GO:0015116	GO:1901702	4	1	3.0	1.0	3.0
GO:0060711	GO:0048856	4	0	2.0	1.0	2.0
GO:0055072	GO:0055080	9	1	6.0	1.0	3.0
GO:0090453	GO:0015810	4	0	5.0	0.0	2.0
GO:0043861	GO:0015297	5	0	5.0	1.0	3.0
GO:0009330	GO:1902494	2	1	2.0	1.0	2.0
GO:0097363	GO:0008375	3	0	5.0	1.0	3.0
GO:0003998	GO:0016462	5	0	5.0	1.0	2.0
GO:0044601	GO:0036211	6	1	4.0	2.0	2.0
GO:0019674	GO:0046496	2	1	6.0	1.0	4.0
GO:1902350	GO:1902075	5	0	4.0	1.0	4.0
GO:1902899	GO:1901570	5	0	4.0	1.0	3.0
GO:0070908	GO:0015297	4	0	5.0	1.0	2.0
GO:0015135	GO:0046943	6	1	4.0	1.0	3.0
GO:2000257	GO:1903317	4	2	6.0	2.0	2.0
GO:0052927	GO:0070567	5	0	5.0	1.0	2.0
GO:0010970	GO:0007018	5	2	3.0	1.0	2.0
GO:1905039	GO:0046942	4	1	6.0	1.0	2.0
GO:2000279	GO:0010558	7	1	6.0	1.0	2.0
GO:1904952	GO:0046942	6	0	6.0	1.0	3.0
GO:0035891	GO:0044000	6	3	5.0	2.0	3.0
GO:1903255	GO:1901607	5	0	5.0	1.0	4.0
GO:0010621	GO:0008104	5	1	3.0	1.0	2.0
GO:0042863	GO:0019752	4	1	5.0	1.0	3.0
GO:0031458	GO:0015418	4	0	4.0	1.0	2.0
GO:0060306	GO:0050789	4	4	2.0	1.0	3.0
GO:0010226	GO:1902074	5	1	3.0	2.0	4.0
GO:0055072	GO:0098771	9	1	6.0	2.0	3.0
GO:0051933	GO:0006865	5	1	5.0	1.0	2.0
GO:0014712	GO:0048636	8	0	5.0	1.0	3.0
GO:0005332	GO:0015378	6	0	7.0	1.0	5.0
GO:2000969	GO:0032414	5	0	5.0	1.0	2.0
GO:1901353	GO:0031328	8	0	6.0	1.0	2.0
GO:0140495	GO:0140352	4	0	2.0	2.0	5.0
GO:1900781	GO:0018130	6	0	4.0	1.0	2.0
GO:2000145	GO:0050794	4	2	3.0	1.0	2.0
GO:1900318	GO:0033238	5	1	5.0	1.0	2.0
GO:1904679	GO:0015791	4	0	6.0	1.0	2.0
GO:2000637	GO:1900370	5	1	5.0	0.0	2.0
GO:0031401	GO:0051247	7	1	6.0	1.0	2.0
GO:0009435	GO:0019674	8	1	2.0	1.0	5.0
GO:0006275	GO:0051052	7	2	5.0	1.0	3.0
GO:0004589	GO:0004152	5	0	5.0	1.0	4.0
GO:0009073	GO:0046394	5	1	5.0	1.0	2.0
GO:0034132	GO:0009968	7	0	5.0	1.0	2.0
GO:0034175	GO:0039531	7	1	5.0	2.0	3.0
GO:0033770	GO:0016712	5	0	4.0	1.0	3.0
GO:1905347	GO:1905348	3	1	3.0	1.0	2.0
GO:0003995	GO:0052890	4	1	4.0	1.0	2.0
GO:0031399	GO:0051246	6	2	5.0	1.0	2.0
GO:1902603	GO:0055085	5	1	2.0	1.0	3.0
GO:1905695	GO:0031328	8	0	6.0	1.0	2.0
GO:0034179	GO:0039531	7	1	5.0	2.0	3.0
GO:0071283	GO:1902075	7	0	4.0	1.0	5.0
GO:0035832	GO:1901360	6	1	3.0	1.0	3.0
GO:0007039	GO:0030163	6	1	4.0	1.0	2.0
GO:0002144	GO:0140535	2	0	2.0	1.0	2.0
GO:0015913	GO:0015912	7	0	6.0	1.0	3.0
GO:0002050	GO:0043171	5	0	4.0	1.0	3.0
GO:0031082	GO:0140535	2	1	2.0	1.0	2.0
GO:0045038	GO:0017038	5	0	5.0	1.0	2.0
GO:1905014	GO:1900373	8	0	8.0	1.0	2.0
GO:0033052	GO:0019752	4	2	5.0	1.0	3.0
GO:1904537	GO:0048519	5	0	3.0	1.0	2.0
GO:0008207	GO:0009987	4	2	1.0	1.0	3.0
GO:0051725	GO:0036211	6	1	4.0	2.0	2.0
GO:0051983	GO:0010564	4	3	5.0	1.0	2.0
GO:0070012	GO:0004175	4	0	4.0	1.0	2.0
GO:0005334	GO:0015101	4	0	5.0	1.0	3.0
GO:0042959	GO:0005342	4	2	3.0	2.0	2.0
GO:0035938	GO:0035929	4	0	4.0	1.0	2.0
GO:0004843	GO:0008234	5	0	4.0	1.0	3.0
GO:1902617	GO:1901700	4	1	3.0	1.0	3.0
GO:1901755	GO:0120178	6	0	4.0	1.0	3.0
GO:0010966	GO:0051049	7	2	4.0	1.0	3.0
GO:0015137	GO:1901702	6	2	3.0	1.0	5.0
GO:0140670	GO:0140097	4	0	3.0	1.0	3.0
GO:1904091	GO:0003824	3	0	1.0	2.0	4.0
GO:0009401	GO:0098704	6	0	4.0	1.0	3.0
GO:0090373	GO:0034763	5	0	5.0	1.0	2.0
GO:0034977	GO:1902554	3	0	6.0	1.0	4.0
GO:2000147	GO:0048522	5	1	4.0	1.0	2.0
GO:1905542	GO:0034763	7	0	5.0	1.0	3.0
GO:0015325	GO:0015297	5	0	5.0	1.0	3.0
GO:0051305	GO:0050000	3	1	4.0	1.0	2.0
GO:0033241	GO:0009894	6	2	4.0	2.0	2.0
GO:0019289	GO:0043604	5	0	5.0	1.0	3.0
GO:0060391	GO:1902533	6	0	6.0	1.0	3.0
GO:1900789	GO:0072340	5	0	4.0	1.0	2.0
GO:0019651	GO:0019666	4	0	3.0	1.0	3.0
GO:0015106	GO:1901702	6	1	3.0	1.0	5.0
GO:0070574	GO:0098655	6	0	4.0	1.0	2.0
GO:0015706	GO:0098661	5	1	5.0	1.0	2.0
GO:0030209	GO:0052782	5	0	5.0	1.0	4.0
GO:1901370	GO:0010033	5	1	3.0	1.0	3.0
GO:0035830	GO:0046483	5	1	3.0	1.0	2.0
GO:0015123	GO:1901702	6	2	3.0	1.0	5.0
GO:0043210	GO:1901681	4	1	2.0	1.0	2.0
GO:0017086	GO:1902494	2	0	2.0	1.0	2.0
GO:0015898	GO:0015695	5	0	5.0	1.0	2.0
GO:0097429	GO:1904091	5	0	3.0	0.0	8.0
GO:0042918	GO:0015849	6	1	5.0	1.0	2.0
GO:0015520	GO:0015078	6	0	5.0	1.0	2.0
GO:0051592	GO:1902074	5	1	3.0	2.0	4.0
GO:1903174	GO:1901569	5	1	4.0	1.0	3.0
GO:0007312	GO:0022412	4	0	2.0	1.0	2.0
GO:1901388	GO:0023051	6	2	3.0	1.0	5.0
GO:0030205	GO:0052779	4	1	4.0	1.0	4.0
GO:0010598	GO:1902494	2	1	2.0	1.0	2.0
GO:0019474	GO:0043605	6	1	5.0	1.0	4.0
GO:1901036	GO:0034764	8	0	5.0	1.0	3.0
GO:0034628	GO:0006531	8	0	6.0	1.0	2.0
GO:2001302	GO:0001676	4	1	5.0	1.0	3.0
GO:0032300	GO:0032991	3	1	1.0	1.0	2.0
GO:0034217	GO:0009308	3	0	4.0	1.0	2.0
GO:0080170	GO:0071702	3	0	4.0	1.0	3.0
GO:0051592	GO:1901700	5	1	3.0	1.0	4.0
GO:0090398	GO:0044237	4	1	2.0	1.0	4.0
GO:0102459	GO:0017110	5	0	6.0	1.0	3.0
GO:0015794	GO:0055085	5	0	2.0	1.0	3.0
GO:1903269	GO:1902494	2	0	2.0	1.0	2.0
GO:0045882	GO:0032108	4	0	7.0	1.0	4.0
GO:0046585	GO:0072339	4	0	4.0	2.0	3.0
GO:2000279	GO:0031327	7	1	6.0	1.0	2.0
GO:0006477	GO:0036211	5	1	4.0	2.0	2.0
GO:0052599	GO:0052597	5	0	5.0	0.0	2.0
GO:0046904	GO:0031406	2	0	4.0	1.0	4.0
GO:0019051	GO:0039526	6	1	4.0	2.0	2.0
GO:0019654	GO:0019666	6	1	3.0	1.0	2.0
GO:0042879	GO:0046943	6	1	4.0	1.0	3.0
GO:0015091	GO:1901702	8	1	3.0	1.0	6.0
GO:0070089	GO:0005254	7	0	6.0	1.0	4.0
GO:0006808	GO:0032107	3	2	6.0	1.0	4.0
GO:0060408	GO:0031323	4	2	4.0	1.0	2.0
GO:0044659	GO:0001897	3	1	5.0	1.0	3.0
GO:0015552	GO:1901702	5	1	3.0	1.0	5.0
GO:0120188	GO:0032890	6	1	5.0	3.0	3.0
GO:0050993	GO:0006793	5	1	3.0	1.0	3.0
GO:2000868	GO:2000832	6	0	5.0	1.0	2.0
GO:0018032	GO:0036211	6	2	4.0	2.0	2.0
GO:1904200	GO:0098656	6	0	4.0	1.0	2.0
GO:0015220	GO:0015651	6	1	6.0	1.0	2.0
GO:0034135	GO:0062207	7	1	5.0	2.0	2.0
GO:0071939	GO:0140354	4	0	5.0	2.0	4.0
GO:0046494	GO:0019752	4	1	5.0	1.0	3.0
GO:0045487	GO:0046395	5	0	5.0	1.0	2.0
GO:0035432	GO:0032892	8	0	5.0	2.0	4.0
GO:1903708	GO:0010720	5	2	6.0	1.0	3.0
GO:0015916	GO:0015711	6	2	5.0	1.0	2.0
GO:0006468	GO:0036211	6	1	4.0	2.0	2.0
GO:0052644	GO:0032787	4	0	6.0	1.0	4.0
GO:0006874	GO:0030003	7	1	5.0	1.0	2.0
GO:1900758	GO:1902283	6	0	6.0	0.0	2.0
GO:1900470	GO:0031328	7	0	6.0	1.0	2.0
GO:0072756	GO:1902075	5	0	4.0	1.0	3.0
GO:0015708	GO:0098658	4	0	5.0	1.0	2.0
GO:0036104	GO:1901570	5	0	4.0	1.0	4.0
GO:1905473	GO:0031062	11	0	9.0	1.0	2.0
GO:1901327	GO:1901700	3	1	3.0	1.0	2.0
GO:0046306	GO:0044273	4	1	4.0	1.0	2.0
GO:0071302	GO:1902075	5	0	4.0	1.0	3.0
GO:1901007	GO:1901360	5	1	3.0	1.0	2.0
GO:0034156	GO:0039532	7	0	6.0	1.0	4.0
GO:0046774	GO:0019049	4	0	3.0	1.0	2.0
GO:1900850	GO:0062014	7	0	5.0	1.0	3.0
GO:0061686	GO:0046993	4	0	4.0	1.0	4.0
GO:1904536	GO:0032879	5	1	3.0	1.0	2.0
GO:0045456	GO:0006694	5	1	5.0	1.0	2.0
GO:0039694	GO:0032774	3	1	5.0	1.0	8.0
GO:1902024	GO:0015807	6	1	5.0	1.0	3.0
GO:1905741	GO:0051649	6	0	3.0	1.0	4.0
GO:0005302	GO:1901702	5	0	3.0	1.0	4.0
GO:0042859	GO:0046395	5	0	5.0	1.0	2.0
GO:0098933	GO:0052008	8	2	7.0	1.0	3.0
GO:0022850	GO:0099589	6	0	4.0	2.0	5.0
GO:1902082	GO:0051928	6	0	6.0	1.0	2.0
GO:0039504	GO:0019049	4	2	3.0	1.0	2.0
GO:0061436	GO:0098773	5	0	5.0	2.0	9.0
GO:0034140	GO:0039532	7	0	6.0	1.0	4.0
GO:0042932	GO:0046942	6	0	6.0	1.0	3.0
GO:0000758	GO:0098609	3	0	3.0	1.0	3.0
GO:0015306	GO:0046943	4	0	4.0	1.0	3.0
GO:0008735	GO:0008410	5	0	4.0	1.0	7.0
GO:0008518	GO:0008509	5	0	4.0	1.0	3.0
GO:0018293	GO:0036211	6	1	4.0	2.0	2.0
GO:0031927	GO:1901702	4	0	3.0	1.0	3.0
GO:0043872	GO:0015297	6	0	5.0	1.0	3.0
GO:0034144	GO:0002683	7	0	4.0	1.0	4.0
GO:0001579	GO:0015908	6	0	6.0	1.0	2.0
GO:0070360	GO:0070358	7	0	3.0	1.0	9.0
GO:0070069	GO:1902494	2	1	2.0	1.0	2.0
GO:1900648	GO:0031328	7	0	6.0	1.0	2.0
GO:0090139	GO:0051276	9	0	5.0	1.0	4.0
GO:0031928	GO:1901702	4	0	3.0	1.0	3.0
GO:0020028	GO:0015031	5	0	4.0	1.0	2.0
GO:0046155	GO:1902644	5	0	4.0	1.0	6.0
GO:0034177	GO:0062208	8	0	6.0	1.0	2.0
GO:0032847	GO:0050789	4	2	2.0	1.0	2.0
GO:0099635	GO:0005245	9	0	6.0	1.0	3.0
GO:0031053	GO:0035196	8	2	9.0	0.0	3.0
GO:0044726	GO:0010216	7	0	5.0	0.0	9.0
GO:0071314	GO:1902075	5	0	4.0	1.0	3.0
GO:2000633	GO:1903800	7	0	6.0	0.0	2.0
GO:1901012	GO:1901362	7	0	4.0	1.0	3.0
GO:0052596	GO:0008131	5	0	5.0	0.0	2.0
GO:1903221	GO:0051052	6	1	5.0	1.0	3.0
GO:0140145	GO:0035434	4	0	6.0	1.0	2.0
GO:0019623	GO:0043605	4	0	5.0	1.0	3.0
GO:0019694	GO:0006790	3	1	3.0	1.0	2.0
GO:0043872	GO:1901702	6	0	3.0	1.0	5.0
GO:0015141	GO:1901702	6	1	3.0	1.0	3.0
GO:0015312	GO:0015297	4	0	5.0	1.0	3.0
GO:0006749	GO:0071704	4	1	2.0	1.0	3.0
GO:0099099	GO:0022839	4	3	6.0	1.0	2.0
GO:0061389	GO:0065008	4	1	2.0	1.0	2.0
GO:0015778	GO:0034219	6	0	3.0	1.0	2.0
GO:1900991	GO:0097176	5	0	4.0	1.0	2.0
GO:0097638	GO:0072337	5	0	5.0	1.0	3.0
GO:0010960	GO:0055080	8	1	6.0	1.0	2.0
GO:0050833	GO:1901702	6	1	3.0	1.0	5.0
GO:0043924	GO:0043168	3	0	3.0	1.0	3.0
GO:0006569	GO:0042436	5	1	5.0	1.0	2.0
GO:0006865	GO:0046942	5	1	6.0	1.0	2.0
GO:0042030	GO:0060590	3	1	2.0	1.0	3.0
GO:0019829	GO:0008324	3	1	4.0	1.0	2.0
GO:0008199	GO:1901681	7	0	2.0	1.0	6.0
GO:0007446	GO:0048589	3	0	2.0	1.0	2.0
GO:0043796	GO:0033721	5	0	6.0	1.0	3.0
GO:0070218	GO:0098771	8	1	6.0	2.0	2.0
GO:0034472	GO:0031123	9	1	7.0	1.0	2.0
GO:0060378	GO:0065007	3	1	1.0	2.0	2.0
GO:0035832	GO:0046483	6	1	3.0	1.0	3.0
GO:0097272	GO:0098771	8	1	6.0	2.0	2.0
GO:0008514	GO:0022857	5	1	2.0	1.0	3.0
GO:0006878	GO:0030003	8	2	5.0	1.0	3.0
GO:0008156	GO:0051053	8	2	6.0	1.0	3.0
GO:1901009	GO:0018130	6	0	4.0	1.0	2.0
GO:1904277	GO:0051055	6	0	6.0	1.0	2.0
GO:0034137	GO:0062208	8	0	6.0	1.0	2.0
GO:0035846	GO:0003006	4	1	2.0	1.0	2.0
GO:1904399	GO:0031406	3	0	4.0	1.0	3.0
GO:0010960	GO:0098771	8	1	6.0	2.0	2.0
GO:0009579	GO:0043232	3	1	4.0	1.0	2.0
GO:0004475	GO:0070568	7	0	5.0	1.0	2.0
GO:1901327	GO:0014070	3	1	4.0	1.0	3.0
GO:2000864	GO:2000831	5	1	5.0	2.0	2.0
GO:0034432	GO:0016462	7	0	5.0	1.0	2.0
GO:0015240	GO:1901702	4	1	3.0	1.0	3.0
GO:0060964	GO:1900368	7	2	7.0	1.0	2.0
GO:0015367	GO:0015297	7	0	5.0	1.0	3.0
GO:0071897	GO:0009059	5	2	4.0	1.0	2.0
GO:0045119	GO:0022853	4	1	4.0	1.0	3.0
GO:0060249	GO:0048871	4	1	2.0	1.0	2.0
GO:0006581	GO:1901565	4	1	4.0	1.0	2.0
GO:0019504	GO:0009063	6	0	4.0	1.0	3.0
GO:0002630	GO:0045732	7	0	6.0	1.0	3.0
GO:1903780	GO:0048519	5	0	3.0	1.0	2.0
GO:0043879	GO:1901702	5	0	3.0	1.0	4.0
GO:0010133	GO:0043605	6	0	5.0	1.0	5.0
GO:0015816	GO:0015807	6	1	5.0	1.0	2.0
GO:0008641	GO:0140657	3	1	1.0	1.0	3.0
GO:1905856	GO:1900543	6	0	7.0	1.0	3.0
GO:0140421	GO:0140298	6	0	5.0	0.0	2.0
GO:0033274	GO:1902074	4	1	3.0	2.0	3.0
GO:0004047	GO:0016742	5	0	4.0	1.0	3.0
GO:0010471	GO:0070568	7	0	5.0	1.0	2.0
GO:1905013	GO:1900372	7	0	8.0	1.0	2.0
GO:0046719	GO:0065008	4	1	2.0	1.0	3.0
GO:1901056	GO:1901575	8	0	3.0	1.0	5.0
GO:0071414	GO:1902075	5	0	4.0	1.0	3.0
GO:0030877	GO:0140535	2	0	2.0	1.0	2.0
GO:0005476	GO:0015297	5	0	5.0	1.0	2.0
GO:1901425	GO:1901698	4	0	3.0	1.0	3.0
GO:1902349	GO:1902074	5	1	3.0	2.0	4.0
GO:0031522	GO:0140535	2	0	2.0	1.0	2.0
GO:0010523	GO:1903170	4	1	7.0	1.0	2.0
GO:0071515	GO:0022413	2	0	2.0	1.0	2.0
GO:0071521	GO:0140535	2	0	2.0	1.0	2.0
GO:0017014	GO:0036211	6	2	4.0	2.0	2.0
GO:0034153	GO:0062208	8	0	6.0	1.0	2.0
GO:1901707	GO:0005504	3	0	3.0	1.0	2.0
GO:0047935	GO:0004344	6	0	4.0	1.0	2.0
GO:0090298	GO:1901859	10	0	7.0	0.0	4.0
GO:0034155	GO:0039531	7	1	5.0	2.0	3.0
GO:0051479	GO:0046394	5	0	5.0	1.0	2.0
GO:1903578	GO:1900542	4	2	6.0	2.0	2.0
GO:0031431	GO:0140513	3	0	2.0	1.0	3.0
GO:0035430	GO:0032890	7	1	5.0	3.0	5.0
GO:0004857	GO:0140678	3	1	2.0	1.0	3.0
GO:1900340	GO:0051172	6	0	5.0	1.0	3.0
GO:1905694	GO:0031327	8	0	6.0	1.0	2.0
GO:0090372	GO:0034764	5	0	5.0	1.0	2.0
GO:0009080	GO:0009063	6	2	4.0	1.0	2.0
GO:0120097	GO:0031501	3	0	3.0	1.0	2.0
GO:1900814	GO:0046395	4	0	5.0	1.0	2.0
GO:0034590	GO:0008028	4	0	5.0	1.0	3.0
GO:0015312	GO:0022853	4	0	4.0	1.0	3.0
GO:1904212	GO:1903959	8	1	6.0	2.0	2.0
GO:0031390	GO:0140513	2	0	2.0	1.0	2.0
GO:0034159	GO:0039531	7	1	5.0	2.0	3.0
GO:1903796	GO:0034763	8	1	5.0	1.0	3.0
GO:1904918	GO:0032974	4	0	4.0	1.0	2.0
GO:0006083	GO:0006807	7	1	2.0	1.0	3.0
GO:0008272	GO:0071705	5	2	4.0	1.0	3.0
GO:1904113	GO:0048523	6	0	4.0	1.0	2.0
GO:0050992	GO:1901576	5	0	3.0	1.0	3.0
GO:0010167	GO:1902074	4	1	3.0	2.0	3.0
GO:0002038	GO:0034764	7	1	5.0	1.0	3.0
GO:2000488	GO:0032352	7	0	5.0	1.0	2.0
GO:0007506	GO:0003006	4	0	2.0	1.0	2.0
GO:0019239	GO:0016810	3	1	3.0	1.0	2.0
GO:0052338	GO:0052183	8	0	5.0	2.0	3.0
GO:0052652	GO:0009187	7	1	6.0	2.0	2.0
GO:0102373	GO:0016712	4	0	4.0	1.0	2.0
GO:0039594	GO:0045182	6	0	1.0	1.0	7.0
GO:0018158	GO:0036211	6	1	4.0	2.0	2.0
GO:0030208	GO:0072330	5	0	6.0	1.0	3.0
GO:1900928	GO:0034764	7	0	5.0	1.0	3.0
GO:1902475	GO:0015807	6	1	5.0	1.0	2.0
GO:0015976	GO:0031667	1	0	4.0	1.0	4.0
GO:1902061	GO:1901564	3	1	3.0	1.0	2.0
GO:0030547	GO:0140678	3	1	2.0	1.0	3.0
GO:0071277	GO:1901701	6	0	4.0	1.0	4.0
GO:0071318	GO:1902075	5	1	4.0	1.0	3.0
GO:1902689	GO:1900543	5	1	7.0	1.0	4.0
GO:0010318	GO:1902494	2	0	2.0	1.0	2.0
GO:1901007	GO:0046483	5	1	3.0	1.0	2.0
GO:0015231	GO:0046943	4	0	4.0	1.0	3.0
GO:0090613	GO:0016814	4	0	4.0	1.0	3.0
GO:0010511	GO:0031326	7	2	5.0	1.0	2.0
GO:0099586	GO:0051649	7	0	3.0	1.0	4.0
GO:0015309	GO:0015078	5	0	5.0	1.0	2.0
GO:0000236	GO:0000087	4	0	4.0	0.0	2.0
GO:1902669	GO:0010976	6	1	7.0	1.0	5.0
GO:0043610	GO:0032107	3	0	6.0	1.0	4.0
GO:0001407	GO:0055085	5	0	2.0	1.0	3.0
GO:0045870	GO:1902680	6	0	7.0	1.0	7.0
GO:0033243	GO:0009896	7	1	5.0	1.0	2.0
GO:0098708	GO:1904659	6	0	6.0	1.0	2.0
GO:1902025	GO:0071705	6	0	4.0	1.0	2.0
GO:0060392	GO:1902532	6	0	6.0	1.0	3.0
GO:0052929	GO:0140101	9	0	4.0	1.0	7.0
GO:0042744	GO:1901575	4	1	3.0	1.0	3.0
GO:0015079	GO:1901702	6	1	3.0	1.0	5.0
GO:0031062	GO:0031325	9	1	5.0	1.0	4.0
GO:0002630	GO:0031331	7	0	6.0	1.0	3.0
GO:1905144	GO:1902074	4	1	3.0	2.0	3.0
GO:0120189	GO:0032892	6	0	5.0	2.0	3.0
GO:0036253	GO:1902074	5	1	3.0	2.0	4.0
GO:1904329	GO:0048523	6	0	4.0	1.0	2.0
GO:0055068	GO:0055080	9	1	6.0	1.0	3.0
GO:0034741	GO:0140535	2	0	2.0	1.0	2.0
GO:0031137	GO:0050789	4	1	2.0	1.0	2.0
GO:0033049	GO:0072338	4	1	3.0	2.0	2.0
GO:0036256	GO:1902075	6	0	4.0	1.0	5.0
GO:0009686	GO:0046394	5	1	5.0	1.0	2.0
GO:2001158	GO:0034253	8	0	7.0	1.0	3.0
GO:0060239	GO:2000243	6	1	4.0	1.0	2.0
GO:0090394	GO:0048519	5	1	3.0	1.0	3.0
GO:0010169	GO:0140535	3	0	2.0	1.0	3.0
GO:1905625	GO:0034763	7	0	5.0	1.0	3.0
GO:1901390	GO:0023056	7	1	4.0	1.0	5.0
GO:0019470	GO:1901361	5	0	4.0	1.0	3.0
GO:0051640	GO:0051179	3	2	1.0	1.0	2.0
GO:0018126	GO:0036211	6	1	4.0	2.0	2.0
GO:0120103	GO:0140535	2	0	2.0	1.0	2.0
GO:0002221	GO:0002758	4	1	4.0	1.0	2.0
GO:0008291	GO:1901564	3	1	3.0	1.0	2.0
GO:0006335	GO:0006325	6	0	4.0	1.0	2.0
GO:0055068	GO:0098771	9	1	6.0	2.0	3.0
GO:0001692	GO:0006796	4	1	4.0	1.0	4.0
GO:0030632	GO:0006523	7	0	7.0	2.0	2.0
GO:0000748	GO:0019953	4	0	2.0	1.0	3.0
GO:1905232	GO:1902075	6	0	4.0	1.0	4.0
GO:0010495	GO:0090625	8	0	9.0	0.0	3.0
GO:0043278	GO:1902074	6	1	3.0	2.0	5.0
GO:1903173	GO:1901568	4	2	3.0	2.0	3.0
GO:0030200	GO:0044273	7	0	4.0	1.0	5.0
GO:0031494	GO:0050793	4	1	3.0	1.0	2.0
GO:0031365	GO:0036211	6	1	4.0	2.0	2.0
GO:2001002	GO:2000990	7	2	7.0	1.0	2.0
GO:0033247	GO:0031329	6	1	5.0	1.0	2.0
GO:1902222	GO:0009063	6	2	4.0	1.0	2.0
GO:1901035	GO:0034763	8	0	5.0	1.0	3.0
GO:0000319	GO:1901702	4	0	3.0	1.0	3.0
GO:0018031	GO:0016410	3	0	5.0	1.0	2.0
GO:0045273	GO:1902494	4	1	2.0	1.0	4.0
GO:0090399	GO:0044237	4	0	2.0	1.0	4.0
GO:0050865	GO:0051239	4	1	3.0	1.0	3.0
GO:1903252	GO:1901605	4	1	4.0	1.0	3.0
GO:0003354	GO:0048523	6	1	4.0	1.0	2.0
GO:0042962	GO:0015297	7	0	5.0	1.0	3.0
GO:0005954	GO:1902494	3	0	2.0	1.0	3.0
GO:0019051	GO:0052151	6	1	5.0	3.0	2.0
GO:1901905	GO:1902074	5	0	3.0	2.0	4.0
GO:1902925	GO:0006631	4	0	4.0	1.0	3.0
GO:2000310	GO:0032412	5	1	5.0	1.0	2.0
GO:0072748	GO:0071417	4	0	4.0	1.0	3.0
GO:1901151	GO:0046174	4	0	5.0	1.0	3.0
GO:0032804	GO:0042177	7	0	6.0	1.0	2.0
GO:0035552	GO:0080111	5	0	3.0	1.0	2.0
GO:1902321	GO:0006633	5	0	5.0	1.0	2.0
GO:0004117	GO:0047555	8	0	8.0	1.0	2.0
GO:0015382	GO:0015370	6	0	6.0	1.0	2.0
GO:0033050	GO:0072339	5	0	4.0	2.0	2.0
GO:0080047	GO:0070568	6	0	5.0	1.0	7.0
GO:0030929	GO:1902494	2	1	2.0	1.0	2.0
GO:0140674	GO:0140713	4	1	3.0	0.0	7.0
GO:0034163	GO:0039531	7	1	5.0	2.0	3.0
GO:0030091	GO:0019538	5	1	3.0	1.0	2.0
GO:0004972	GO:0022890	6	0	4.0	2.0	3.0
GO:0003884	GO:0008131	5	1	5.0	0.0	2.0
GO:1900927	GO:0034763	7	0	5.0	1.0	3.0
GO:0042865	GO:0046395	5	0	5.0	1.0	2.0
GO:0106295	GO:0046173	6	1	5.0	1.0	4.0
GO:0010157	GO:1902074	4	1	3.0	2.0	3.0
GO:1905441	GO:0034284	4	1	5.0	2.0	3.0
GO:0102025	GO:1901702	4	0	3.0	1.0	3.0
GO:0006739	GO:0006163	2	1	5.0	2.0	5.0
GO:0043862	GO:0015297	6	0	5.0	1.0	3.0
GO:0009009	GO:0008907	4	1	4.0	1.0	2.0
GO:1904359	GO:0050793	5	2	3.0	1.0	2.0
GO:0010292	GO:0015297	5	0	5.0	1.0	3.0
GO:0051663	GO:0022414	3	1	1.0	1.0	2.0
GO:1905442	GO:0071326	5	0	6.0	1.0	3.0
GO:0002050	GO:0019439	5	0	4.0	1.0	4.0
GO:2000146	GO:0048523	5	1	4.0	1.0	2.0
GO:0006741	GO:0006164	3	0	6.0	2.0	4.0
GO:1903175	GO:1901570	5	1	4.0	1.0	3.0
GO:1901238	GO:1901702	4	0	3.0	1.0	5.0
GO:0062158	GO:0005452	5	0	5.0	0.0	2.0
GO:0052039	GO:0052008	7	0	7.0	1.0	2.0
GO:1901239	GO:1901702	6	1	3.0	1.0	5.0
GO:1901570	GO:0008610	4	1	4.0	1.0	2.0
GO:1900557	GO:0072339	4	1	4.0	2.0	3.0
GO:0120255	GO:1901576	3	1	3.0	1.0	2.0
GO:0070588	GO:0098655	6	1	4.0	1.0	2.0
GO:0015111	GO:0008509	5	1	4.0	1.0	2.0
GO:0046155	GO:0016124	5	0	9.0	1.0	5.0
GO:0071577	GO:0098655	6	1	4.0	1.0	2.0
GO:0010304	GO:0030163	6	0	4.0	1.0	2.0
GO:0050340	GO:0008253	6	0	7.0	1.0	3.0
GO:0030164	GO:0030163	6	0	4.0	1.0	2.0
GO:0097069	GO:1902075	6	0	4.0	1.0	4.0
GO:0034130	GO:0002752	6	0	5.0	0.0	3.0
GO:1900802	GO:0046394	4	0	5.0	1.0	2.0
GO:0018342	GO:0036211	4	2	4.0	2.0	2.0
GO:0042918	GO:0072348	6	1	4.0	1.0	2.0
GO:0055079	GO:0055080	8	1	6.0	1.0	2.0
GO:0071092	GO:1902494	4	0	2.0	1.0	4.0
GO:1905794	GO:1902074	4	1	3.0	2.0	3.0
GO:0055071	GO:0055080	9	1	6.0	1.0	3.0
GO:0072657	GO:0008104	4	1	3.0	1.0	2.0
GO:0061586	GO:0008104	5	0	3.0	1.0	2.0
GO:1900801	GO:0046395	4	0	5.0	1.0	2.0
GO:0015520	GO:0022853	6	0	4.0	1.0	3.0
GO:0004013	GO:0046508	5	0	3.0	1.0	4.0
GO:0071567	GO:0008234	6	0	4.0	1.0	2.0
GO:0071524	GO:0046394	5	0	5.0	1.0	2.0
GO:2000772	GO:0031323	5	1	4.0	1.0	3.0
GO:0030289	GO:0008287	4	0	4.0	1.0	2.0
GO:0045754	GO:0051173	6	1	5.0	1.0	3.0
GO:0036101	GO:0042758	5	0	6.0	1.0	3.0
GO:0055079	GO:0098771	8	1	6.0	2.0	2.0
GO:0106020	GO:0050794	5	1	3.0	1.0	2.0
GO:0055071	GO:0098771	9	1	6.0	2.0	3.0
GO:1905012	GO:1902688	7	1	4.0	2.0	5.0
GO:1901152	GO:0030648	4	0	4.0	1.0	2.0
GO:1904727	GO:0031324	6	0	5.0	1.0	3.0
GO:0060274	GO:0019725	3	1	2.0	1.0	3.0
GO:2000636	GO:1903800	7	0	6.0	0.0	2.0
GO:0036125	GO:1902494	2	1	2.0	1.0	2.0
GO:0042959	GO:1901682	4	2	3.0	1.0	2.0
GO:0140703	GO:0032559	5	0	5.0	1.0	3.0
GO:1904919	GO:0034489	4	0	5.0	0.0	3.0
GO:0034252	GO:0009895	7	1	5.0	1.0	2.0
GO:0031495	GO:0051093	5	0	4.0	1.0	3.0
GO:0046936	GO:0016814	4	0	4.0	1.0	3.0
GO:0051819	GO:0044068	5	0	5.0	1.0	2.0
GO:1903116	GO:0048522	6	1	4.0	1.0	2.0
GO:0032788	GO:0019752	4	0	5.0	1.0	3.0
GO:0015350	GO:0072349	4	0	3.0	1.0	3.0
GO:0019008	GO:1902494	2	0	2.0	1.0	2.0
GO:0097253	GO:1901702	4	0	3.0	1.0	4.0
GO:1904726	GO:0031323	5	1	4.0	1.0	3.0
GO:1901647	GO:0050679	6	0	6.0	1.0	2.0
GO:0022839	GO:0005216	6	1	4.0	1.0	3.0
GO:1904278	GO:0046889	6	0	6.0	1.0	2.0
GO:0006792	GO:0032107	3	1	6.0	1.0	4.0
GO:0034148	GO:0009968	7	0	5.0	1.0	2.0
GO:0008518	GO:0015297	5	0	5.0	1.0	3.0
GO:0002342	GO:0010623	7	0	3.0	1.0	4.0
GO:0039699	GO:0019049	5	0	3.0	1.0	3.0
GO:0046943	GO:0008514	4	1	5.0	1.0	2.0
GO:0045570	GO:0048638	5	1	4.0	1.0	2.0
GO:0009292	GO:0009987	3	1	1.0	1.0	2.0
GO:1901009	GO:1901362	6	0	4.0	1.0	2.0
GO:0000753	GO:0000902	3	0	3.0	1.0	2.0
GO:0090686	GO:0015199	7	0	4.0	1.0	7.0
GO:0055075	GO:0055080	8	2	6.0	1.0	2.0
GO:1902858	GO:0035337	4	1	4.0	2.0	2.0
GO:0009344	GO:1902494	2	0	2.0	1.0	2.0
GO:0070214	GO:1902494	2	0	2.0	1.0	2.0
GO:1990277	GO:0000003	3	0	1.0	1.0	4.0
GO:0042876	GO:0046943	6	1	4.0	1.0	3.0
GO:0019695	GO:1901564	3	1	3.0	1.0	2.0
GO:1902895	GO:2000630	8	0	7.0	1.0	5.0
GO:0050232	GO:0052597	5	0	5.0	0.0	2.0
GO:0001326	GO:0006261	6	0	6.0	1.0	2.0
GO:0019785	GO:0008234	6	0	4.0	1.0	2.0
GO:0071399	GO:1902075	6	0	4.0	1.0	4.0
GO:0045949	GO:0010562	4	0	6.0	1.0	4.0
GO:0070549	GO:0017148	9	0	7.0	1.0	2.0
GO:1901390	GO:0010647	7	1	5.0	1.0	6.0
GO:0034755	GO:0098655	6	1	4.0	1.0	2.0
GO:0055075	GO:0098771	8	2	6.0	2.0	2.0
GO:0006412	GO:0019538	5	1	3.0	1.0	2.0
GO:0001546	GO:0048589	2	0	2.0	1.0	2.0
GO:0031060	GO:0031323	8	2	4.0	1.0	4.0
GO:0097361	GO:0140535	2	0	2.0	1.0	2.0
GO:0099078	GO:0140535	2	0	2.0	1.0	2.0
GO:0006816	GO:0071702	7	1	4.0	1.0	4.0
GO:0015732	GO:0015908	6	1	6.0	1.0	2.0
GO:0031138	GO:0048519	5	1	3.0	1.0	2.0
GO:0045848	GO:0032109	4	1	7.0	1.0	4.0
GO:1901799	GO:0042177	9	2	6.0	1.0	3.0
GO:0008292	GO:1901566	4	0	4.0	1.0	3.0
GO:1905145	GO:0071417	5	0	4.0	1.0	2.0
GO:0046687	GO:1902074	4	1	3.0	2.0	3.0
GO:1900659	GO:0062014	7	1	5.0	1.0	3.0
GO:0018981	GO:0009308	4	1	4.0	1.0	2.0
GO:1904360	GO:0048523	6	1	4.0	1.0	2.0
GO:0071249	GO:1902075	5	0	4.0	1.0	3.0
GO:0015310	GO:0015078	5	0	5.0	1.0	2.0
GO:0002629	GO:0042177	7	0	6.0	1.0	3.0
GO:1905013	GO:1902689	7	0	5.0	1.0	4.0
GO:0035785	GO:0098771	7	0	6.0	2.0	3.0
GO:0097736	GO:0003006	3	0	2.0	1.0	3.0
GO:0031496	GO:0051094	5	0	4.0	1.0	3.0
GO:1903797	GO:0034764	8	1	5.0	1.0	3.0
GO:1903964	GO:0006631	4	1	4.0	1.0	3.0
GO:1990146	GO:0008104	5	0	3.0	1.0	2.0
GO:2000211	GO:0034248	7	2	5.0	2.0	4.0
GO:0106410	GO:0000966	9	0	7.0	2.0	2.0
GO:0070559	GO:1902494	2	0	2.0	1.0	2.0
GO:1900179	GO:0051173	6	0	5.0	1.0	3.0
GO:0010523	GO:0051481	4	1	9.0	1.0	5.0
GO:1900469	GO:0031327	7	0	6.0	1.0	2.0
GO:0006795	GO:0051174	3	1	5.0	2.0	4.0
GO:1903545	GO:1902075	6	0	4.0	1.0	4.0
GO:0140485	GO:1901702	6	0	3.0	1.0	5.0
GO:0047935	GO:0016616	6	0	4.0	1.0	2.0
GO:0015189	GO:1901702	5	1	3.0	1.0	4.0
GO:0039530	GO:0002753	6	0	4.0	2.0	2.0
GO:0008603	GO:0003674	5	1	0.0	1.0	5.0
GO:0009685	GO:0019752	4	1	5.0	1.0	3.0
GO:0016597	GO:0031406	4	1	4.0	1.0	2.0
GO:0090680	GO:0044659	4	0	3.0	1.0	5.0
GO:0044027	GO:0045814	8	0	7.0	2.0	7.0
GO:0008209	GO:0042445	4	1	2.0	2.0	2.0
GO:0019532	GO:0071705	6	1	4.0	1.0	3.0
GO:1901562	GO:1902074	4	1	3.0	2.0	3.0
GO:0010855	GO:0010852	6	0	4.0	1.0	2.0
GO:0034471	GO:0036260	8	1	7.0	1.0	3.0
GO:0140723	GO:1901336	5	0	5.0	1.0	3.0
GO:0035943	GO:0035929	4	0	4.0	1.0	2.0
GO:0070907	GO:0015297	4	0	5.0	1.0	2.0
GO:0071505	GO:1902074	4	1	3.0	2.0	3.0
GO:0034169	GO:0062208	8	0	6.0	1.0	2.0
GO:0060402	GO:0097553	4	2	5.0	1.0	1.0
GO:0061513	GO:0015152	6	0	3.0	0.0	5.0
GO:0070937	GO:0140535	2	0	2.0	1.0	2.0
GO:0009068	GO:0009063	6	1	4.0	1.0	2.0
GO:0001671	GO:0060590	3	1	2.0	1.0	3.0
GO:1902600	GO:0098655	6	1	4.0	1.0	2.0
GO:0090452	GO:0098655	6	0	4.0	1.0	2.0
GO:0010266	GO:1902074	5	1	3.0	2.0	4.0
GO:0050665	GO:1901576	4	0	3.0	1.0	3.0
GO:0043494	GO:0080008	4	0	5.0	1.0	2.0
GO:0005697	GO:1902494	3	1	2.0	1.0	3.0
GO:0015624	GO:0015603	4	0	3.0	1.0	3.0
GO:0045862	GO:0051247	7	1	6.0	1.0	2.0
GO:0045914	GO:0031324	6	2	5.0	1.0	2.0
GO:0051984	GO:0090068	5	2	6.0	1.0	2.0
GO:0002049	GO:0018130	5	0	4.0	1.0	3.0
GO:0015309	GO:0015297	5	0	5.0	1.0	3.0
GO:0052600	GO:0052597	5	0	5.0	0.0	2.0
GO:0048543	GO:0009058	4	0	2.0	1.0	3.0
GO:0006883	GO:0030003	7	0	5.0	1.0	2.0
GO:1901962	GO:0055085	5	1	2.0	1.0	3.0
GO:0060476	GO:0008104	2	0	3.0	1.0	2.0
GO:0010331	GO:0031406	3	0	4.0	1.0	3.0
GO:1901425	GO:1902074	4	0	3.0	2.0	3.0
GO:0140703	GO:0043168	5	0	3.0	1.0	3.0
GO:0030097	GO:0048468	5	1	3.0	1.0	4.0
GO:0106135	GO:0048523	6	1	4.0	1.0	2.0
GO:0005277	GO:1901702	4	1	3.0	1.0	3.0
GO:0062057	GO:0015297	7	0	5.0	1.0	3.0
GO:0036280	GO:1902075	6	0	4.0	1.0	4.0
GO:0015709	GO:0071705	5	0	4.0	1.0	3.0
GO:1905145	GO:1902075	5	0	4.0	1.0	3.0
GO:1900805	GO:0035835	4	0	6.0	1.0	3.0
GO:0015276	GO:0022839	5	1	6.0	1.0	3.0
GO:0038048	GO:0008528	6	0	4.0	1.0	2.0
GO:0120227	GO:0043168	3	1	3.0	1.0	2.0
GO:0019531	GO:1901702	6	0	3.0	1.0	5.0
GO:0140157	GO:0098659	4	0	5.0	1.0	3.0
GO:0033943	GO:0004565	6	0	6.0	0.0	2.0
GO:0072189	GO:0035295	4	0	3.0	1.0	3.0
GO:2001245	GO:0031326	6	1	5.0	1.0	2.0
GO:0034743	GO:0140535	2	0	2.0	1.0	2.0
GO:0009415	GO:1902074	3	1	3.0	2.0	3.0
GO:0106377	GO:0047429	5	0	6.0	1.0	3.0
GO:0052842	GO:0008486	6	1	6.0	0.0	2.0
GO:0034746	GO:0140535	2	0	2.0	1.0	2.0
GO:0006537	GO:0043604	7	1	5.0	1.0	3.0
GO:0005471	GO:0015297	6	0	5.0	1.0	3.0
GO:0030929	GO:0140535	2	1	2.0	1.0	2.0
GO:0019786	GO:0008234	6	0	4.0	1.0	2.0
GO:2001246	GO:0031327	7	0	6.0	1.0	2.0
GO:0043609	GO:0032107	3	0	6.0	1.0	4.0
GO:1903254	GO:1901605	4	1	4.0	1.0	4.0
GO:1902476	GO:0098656	6	0	4.0	1.0	2.0
GO:0006309	GO:0006308	7	0	5.0	1.0	2.0
GO:0046154	GO:0019538	5	1	3.0	1.0	2.0
GO:0044676	GO:1902494	2	0	2.0	1.0	2.0
GO:2001204	GO:1903706	6	1	4.0	2.0	4.0
GO:1900660	GO:0062013	7	1	5.0	1.0	3.0
GO:1901800	GO:0045732	9	2	6.0	1.0	3.0
GO:0018246	GO:0036211	6	2	4.0	2.0	2.0
GO:0032802	GO:0030163	5	0	4.0	1.0	2.0
GO:2001157	GO:0031330	8	0	6.0	1.0	2.0
GO:0019677	GO:0019674	7	0	2.0	1.0	5.0
GO:0015108	GO:0008509	4	0	4.0	1.0	3.0
GO:1902688	GO:1900542	4	2	6.0	2.0	4.0
GO:0061815	GO:0004843	7	0	5.0	0.0	2.0
GO:0102035	GO:0003995	5	0	4.0	1.0	3.0
GO:2000213	GO:0034250	7	1	6.0	1.0	3.0
GO:0046739	GO:0044001	3	1	6.0	1.0	2.0
GO:0021905	GO:0048859	3	0	3.0	1.0	2.0
GO:1902618	GO:1901701	4	0	4.0	1.0	2.0
GO:1901753	GO:0042759	5	0	6.0	1.0	3.0
GO:0047710	GO:0016462	7	0	5.0	1.0	2.0
GO:0030643	GO:0055082	7	0	3.0	1.0	4.0
GO:0033248	GO:0031330	7	0	6.0	1.0	2.0
GO:0060919	GO:0098657	6	1	4.0	1.0	4.0
GO:0018352	GO:0036211	6	1	4.0	2.0	2.0
GO:0033739	GO:0046857	5	0	4.0	1.0	5.0
GO:0006171	GO:0009190	8	0	7.0	2.0	2.0
GO:0050184	GO:0016717	5	0	4.0	1.0	5.0
GO:2000540	GO:0031324	8	0	5.0	1.0	3.0
GO:0045456	GO:0042446	5	1	3.0	1.0	2.0
GO:0046178	GO:0009312	6	0	5.0	1.0	4.0
GO:0015386	GO:0051139	6	0	6.0	1.0	3.0
GO:0098768	GO:0051327	5	0	4.0	0.0	3.0
GO:0035785	GO:0030003	7	0	5.0	1.0	2.0
GO:0004085	GO:0003995	5	0	4.0	1.0	3.0
GO:0031508	GO:0031048	7	1	7.0	1.0	3.0
GO:0010909	GO:0051176	8	1	6.0	1.0	5.0
GO:0070824	GO:0016581	4	0	3.0	0.0	2.0
GO:0015798	GO:0015850	7	1	5.0	1.0	2.0
GO:0052840	GO:0008486	6	1	6.0	0.0	2.0
GO:0009366	GO:1902494	3	0	2.0	1.0	3.0
GO:0039656	GO:0019054	3	2	3.0	1.0	2.0
GO:0017099	GO:0003995	6	0	4.0	1.0	2.0
GO:0140638	GO:1902555	4	0	3.0	1.0	3.0
GO:0035730	GO:0043168	3	0	3.0	1.0	3.0
GO:0007190	GO:0045762	4	0	6.0	0.0	4.0
GO:0042857	GO:0019752	4	1	5.0	1.0	3.0
GO:1905857	GO:1900544	6	0	7.0	1.0	3.0
GO:0044565	GO:0032943	5	0	4.0	2.0	2.0
GO:0072489	GO:0055085	5	0	2.0	1.0	3.0
GO:0008193	GO:0140101	7	0	4.0	1.0	5.0
GO:1902617	GO:1902074	4	1	3.0	2.0	3.0
GO:0002760	GO:0031349	6	3	5.0	1.0	3.0
GO:0120291	GO:0051053	7	0	6.0	1.0	3.0
GO:0034172	GO:0039532	7	0	6.0	1.0	4.0
GO:1901055	GO:0071704	7	1	2.0	1.0	5.0
GO:0015377	GO:0015108	6	2	4.0	0.0	4.0
GO:0019556	GO:0043605	5	0	5.0	1.0	3.0
GO:0036525	GO:0036211	6	1	4.0	2.0	2.0
GO:0018546	GO:0046857	5	0	4.0	1.0	5.0
GO:0140464	GO:0097240	6	0	3.0	1.0	7.0
GO:0015309	GO:0022853	5	0	4.0	1.0	3.0
GO:0038046	GO:0008528	6	0	4.0	1.0	2.0
GO:0007519	GO:0060537	6	1	4.0	2.0	2.0
GO:0031925	GO:1901702	4	0	3.0	1.0	3.0
GO:0046715	GO:0022804	5	0	3.0	2.0	2.0
GO:0015819	GO:1902022	6	2	6.0	2.0	2.0
GO:0034418	GO:0072522	4	0	5.0	1.0	3.0
GO:0032807	GO:0070419	3	0	3.0	1.0	3.0
GO:0030645	GO:0019605	6	0	6.0	1.0	2.0
GO:0015107	GO:1901702	5	0	3.0	1.0	4.0
GO:2001158	GO:0031331	8	0	6.0	1.0	2.0
GO:1902322	GO:0042304	5	1	6.0	1.0	2.0
GO:1902667	GO:0010975	5	1	7.0	2.0	5.0
GO:0001716	GO:0008131	5	1	5.0	0.0	2.0
GO:0015383	GO:0005452	6	0	5.0	0.0	3.0
GO:0019008	GO:0140535	2	0	2.0	1.0	2.0
GO:1905589	GO:0034764	7	0	5.0	1.0	3.0
GO:1903826	GO:0072337	5	1	5.0	1.0	3.0
GO:0033070	GO:0072339	4	0	4.0	2.0	2.0
GO:0046942	GO:0015849	6	1	5.0	1.0	2.0
GO:0005955	GO:0008287	4	0	4.0	1.0	2.0
GO:0071239	GO:1902075	5	0	4.0	1.0	3.0
GO:1904352	GO:0045732	8	1	6.0	1.0	2.0
GO:0051476	GO:1905039	6	0	4.0	1.0	3.0
GO:0015498	GO:0005343	4	0	4.0	1.0	2.0
GO:0030209	GO:0046365	5	0	4.0	1.0	4.0
GO:0015735	GO:1905039	5	2	4.0	1.0	3.0
GO:0060069	GO:0032879	5	0	3.0	1.0	2.0
GO:0021547	GO:0048859	3	0	3.0	1.0	2.0
GO:0015364	GO:0005452	6	0	5.0	0.0	3.0
GO:0106069	GO:0044815	3	0	2.0	1.0	3.0
GO:0005372	GO:1901702	4	1	3.0	1.0	3.0
GO:0034149	GO:0062208	8	0	6.0	1.0	2.0
GO:1900556	GO:0072340	4	1	4.0	1.0	3.0
GO:0006101	GO:0006807	7	1	2.0	1.0	4.0
GO:0120122	GO:0042445	4	0	2.0	2.0	2.0
GO:0030186	GO:0042445	4	1	2.0	2.0	2.0
GO:0036054	GO:0140096	5	0	2.0	1.0	4.0
GO:0103064	GO:0000030	5	0	5.0	1.0	2.0
GO:0070214	GO:0140535	2	0	2.0	1.0	2.0
GO:0034136	GO:0002683	7	0	4.0	1.0	4.0
GO:0046873	GO:0008324	5	1	4.0	1.0	2.0
GO:0030047	GO:0036211	4	1	4.0	2.0	2.0
GO:1904361	GO:0051094	6	1	4.0	1.0	2.0
GO:1990529	GO:0031501	3	0	3.0	1.0	2.0
GO:0017148	GO:0051248	7	1	6.0	1.0	2.0
GO:0015556	GO:0046943	6	1	4.0	1.0	3.0
GO:0046202	GO:1901566	4	0	4.0	1.0	2.0
GO:0015109	GO:1901702	5	0	3.0	1.0	4.0
GO:0043132	GO:0051503	7	2	8.0	1.0	3.0
GO:0016598	GO:0036211	6	0	4.0	2.0	2.0
GO:0042869	GO:1905039	5	1	4.0	1.0	2.0
GO:0097184	GO:1902074	4	1	3.0	2.0	3.0
GO:0070765	GO:1902494	4	0	2.0	1.0	4.0
GO:1901729	GO:0046395	5	0	5.0	1.0	2.0
GO:0070331	GO:1902494	2	0	2.0	1.0	2.0
GO:0043682	GO:1901682	4	0	3.0	1.0	5.0
GO:0061875	GO:0048523	6	0	4.0	1.0	2.0
GO:0042962	GO:0015078	7	0	5.0	1.0	2.0
GO:0031139	GO:0048518	5	1	3.0	1.0	2.0
GO:1900341	GO:0051173	6	0	5.0	1.0	3.0
GO:1990760	GO:0022839	3	0	6.0	1.0	2.0
GO:0018184	GO:0036211	6	1	4.0	2.0	2.0
GO:0015942	GO:0006807	7	1	2.0	1.0	3.0
GO:0002050	GO:0046700	5	0	4.0	1.0	3.0
GO:0008104	GO:0070727	3	1	3.0	2.0	2.0
GO:0034173	GO:0062208	8	0	6.0	1.0	2.0
GO:1900790	GO:0072339	5	0	4.0	2.0	2.0
GO:0102039	GO:0051920	5	0	2.0	1.0	5.0
GO:0018872	GO:0019752	4	1	5.0	1.0	3.0
GO:0071462	GO:1902075	4	1	4.0	1.0	3.0
GO:0070811	GO:0055085	5	0	2.0	1.0	3.0
GO:2000865	GO:2000832	6	0	5.0	1.0	2.0
GO:0015912	GO:0015908	6	1	6.0	1.0	2.0
GO:0006700	GO:0042446	4	1	3.0	1.0	2.0
GO:0042166	GO:0050997	3	0	2.0	1.0	3.0
GO:1903706	GO:0060284	4	2	5.0	1.0	3.0
GO:0014047	GO:0042886	4	1	5.0	1.0	3.0
GO:0008418	GO:0140096	5	0	2.0	1.0	4.0
GO:0018411	GO:0036211	6	2	4.0	2.0	2.0
GO:0006653	GO:0046470	3	0	4.0	1.0	3.0
GO:0006417	GO:0051246	6	1	5.0	1.0	2.0
GO:0015233	GO:0046943	4	0	4.0	1.0	3.0
GO:2000060	GO:0031331	9	2	6.0	1.0	3.0
GO:0120292	GO:1903221	7	0	6.0	1.0	3.0
GO:0019541	GO:0006807	6	1	2.0	1.0	5.0
GO:0034745	GO:0140535	2	0	2.0	1.0	2.0
GO:0140425	GO:0140271	4	0	5.0	1.0	3.0
GO:0004985	GO:0004930	5	1	4.0	1.0	2.0
GO:0047883	GO:0052595	5	0	5.0	0.0	2.0
GO:0072706	GO:1901700	4	1	3.0	1.0	3.0
GO:0006879	GO:0030003	8	2	5.0	1.0	3.0
GO:0045455	GO:0042445	4	2	2.0	2.0	2.0
GO:0034152	GO:0009968	7	0	5.0	1.0	2.0
GO:1900606	GO:0019752	3	1	5.0	1.0	3.0
GO:1990933	GO:0000226	6	0	3.0	1.0	2.0
GO:0015566	GO:0015101	4	0	5.0	1.0	5.0
GO:0075528	GO:0019048	4	1	2.0	1.0	2.0
GO:0060409	GO:0031325	5	1	5.0	1.0	2.0
GO:0120108	GO:0016462	4	0	5.0	1.0	5.0
GO:0036255	GO:1902074	6	1	3.0	2.0	5.0
GO:1904334	GO:0098711	4	0	5.0	0.0	3.0
GO:0047058	GO:0016728	5	0	4.0	2.0	5.0
GO:1900576	GO:0019752	3	1	5.0	1.0	3.0
GO:1990109	GO:0048544	2	0	2.0	1.0	2.0
GO:0071089	GO:1902494	4	0	2.0	1.0	4.0
GO:0015310	GO:0015297	5	0	5.0	1.0	3.0
GO:0006536	GO:0043603	6	1	4.0	1.0	3.0
GO:0140673	GO:0006338	6	0	5.0	2.0	4.0
GO:0071521	GO:1905360	2	0	3.0	1.0	3.0
GO:0046403	GO:0016791	7	0	5.0	1.0	2.0
GO:1900081	GO:0031329	7	1	5.0	1.0	2.0
GO:0099116	GO:0000966	9	1	7.0	2.0	2.0
GO:1900924	GO:0034763	7	0	5.0	1.0	3.0
GO:0046034	GO:0009150	2	1	6.0	1.0	3.0
GO:0010731	GO:0036211	6	0	4.0	2.0	2.0
GO:0050158	GO:0004152	5	0	5.0	1.0	4.0
GO:0009337	GO:1902494	3	0	2.0	1.0	3.0
GO:0050333	GO:0016462	7	0	5.0	1.0	2.0
GO:0060525	GO:0048856	4	0	2.0	1.0	2.0
GO:0032849	GO:0048518	5	1	3.0	1.0	2.0
GO:0071067	GO:1902494	4	0	2.0	1.0	4.0
GO:2000866	GO:2000833	6	0	5.0	1.0	2.0
GO:0035352	GO:0072530	4	1	3.0	1.0	3.0
GO:0098709	GO:0098739	6	0	3.0	1.0	3.0
GO:0015539	GO:0046943	6	0	4.0	1.0	3.0
GO:0019656	GO:0006067	6	0	5.0	1.0	2.0
GO:1990622	GO:0140513	2	0	2.0	1.0	2.0
GO:0009356	GO:1902494	3	0	2.0	1.0	3.0
GO:0044003	GO:0035821	4	1	2.0	1.0	4.0
GO:0015327	GO:0015297	5	0	5.0	1.0	2.0
GO:1900541	GO:0046394	4	0	5.0	1.0	2.0
GO:0090371	GO:0034762	5	1	4.0	2.0	2.0
GO:1902266	GO:0055082	6	0	3.0	1.0	3.0
GO:0010856	GO:0010854	4	0	5.0	1.0	3.0
GO:1902031	GO:1900542	4	2	6.0	2.0	4.0
GO:0070421	GO:1902494	3	0	2.0	1.0	3.0
GO:0140735	GO:1901570	5	0	4.0	1.0	3.0
GO:1904313	GO:0014075	4	1	5.0	1.0	5.0
GO:0046305	GO:0016053	4	1	4.0	1.0	2.0
GO:0046679	GO:1901698	4	1	3.0	1.0	3.0
GO:0044159	GO:0033647	6	0	5.0	1.0	3.0
GO:0015887	GO:1905039	4	1	4.0	1.0	3.0
GO:0033484	GO:0055082	6	0	3.0	1.0	3.0
GO:0080144	GO:0055082	5	1	3.0	1.0	2.0
GO:0106295	GO:0042759	6	1	6.0	1.0	2.0
GO:2000441	GO:0009968	7	0	5.0	1.0	2.0
GO:1900600	GO:0019752	3	1	5.0	1.0	3.0
GO:0039604	GO:0039595	5	2	4.0	1.0	3.0
GO:0019618	GO:1901568	7	0	3.0	2.0	5.0
GO:0015807	GO:0006865	5	1	5.0	1.0	2.0
GO:0015685	GO:0033214	5	0	5.0	1.0	2.0
GO:0018984	GO:0006790	3	0	3.0	1.0	3.0
GO:0017177	GO:1902494	3	0	2.0	1.0	3.0
GO:0048643	GO:1901863	7	1	5.0	1.0	2.0
GO:0015311	GO:0015078	5	0	5.0	1.0	2.0
GO:0075297	GO:0010948	7	0	6.0	1.0	2.0
GO:0055073	GO:0055080	8	1	6.0	1.0	2.0
GO:1901538	GO:0040029	7	2	6.0	1.0	9.0
GO:0032848	GO:0048519	5	1	3.0	1.0	2.0
GO:0089704	GO:0015813	5	0	5.0	1.0	2.0
GO:0090296	GO:1901858	9	1	6.0	1.0	4.0
GO:0070927	GO:0032410	6	0	4.0	1.0	2.0
GO:1902898	GO:1901568	4	1	3.0	2.0	3.0
GO:0002049	GO:1901362	5	0	4.0	1.0	4.0
GO:0010317	GO:1902494	2	0	2.0	1.0	2.0
GO:0051920	GO:0004601	2	1	2.0	1.0	2.0
GO:0015200	GO:1901702	4	1	3.0	1.0	3.0
GO:1990221	GO:1902494	2	1	2.0	1.0	2.0
GO:0090220	GO:0022414	3	2	1.0	1.0	2.0
GO:1900658	GO:0062012	6	2	4.0	1.0	3.0
GO:0034160	GO:0039532	7	0	6.0	1.0	4.0
GO:0055073	GO:0098771	8	1	6.0	2.0	2.0
GO:0045734	GO:0051171	6	1	4.0	1.0	3.0
GO:0052652	GO:0006163	7	1	5.0	2.0	2.0
GO:0034741	GO:1905360	2	0	3.0	1.0	3.0
GO:1900577	GO:0046395	4	0	5.0	1.0	2.0
GO:0018282	GO:0036211	6	1	4.0	2.0	2.0
GO:0045091	GO:2001141	6	1	6.0	2.0	8.0
GO:0015081	GO:1901702	6	1	3.0	1.0	5.0
GO:1902438	GO:1902074	4	1	3.0	2.0	3.0
GO:0061576	GO:1902494	2	0	2.0	1.0	2.0
GO:1990609	GO:0055103	3	0	3.0	1.0	2.0
GO:0009065	GO:0009063	6	2	4.0	1.0	2.0
GO:0080162	GO:0055085	4	0	2.0	1.0	3.0
GO:1902668	GO:0010977	6	1	7.0	1.0	5.0
GO:0090693	GO:0032502	3	1	1.0	1.0	2.0
GO:2000631	GO:1903798	6	1	7.0	1.0	3.0
GO:0062158	GO:0015108	5	0	4.0	0.0	3.0
GO:0033638	GO:0033635	7	0	5.0	1.0	2.0
GO:0071301	GO:1902075	5	0	4.0	1.0	4.0
GO:0033881	GO:0008410	6	0	4.0	1.0	8.0
GO:0072376	GO:0051604	2	1	4.0	1.0	2.0
GO:1904213	GO:1903960	8	0	7.0	1.0	2.0
GO:0072706	GO:0010033	4	1	3.0	1.0	3.0
GO:0031427	GO:1902074	4	1	3.0	2.0	3.0
GO:1900647	GO:0031327	7	0	6.0	1.0	2.0
GO:0045915	GO:0031325	6	2	5.0	1.0	2.0
GO:0018864	GO:0018942	4	1	3.0	2.0	3.0
GO:0071277	GO:1902075	6	0	4.0	1.0	4.0
GO:0034168	GO:0002683	7	0	4.0	1.0	4.0
GO:1902065	GO:1902074	5	1	3.0	2.0	4.0
GO:2001299	GO:0009063	5	0	4.0	1.0	3.0
GO:2000440	GO:0062207	7	1	5.0	2.0	2.0
GO:0015310	GO:0022853	5	0	4.0	1.0	3.0
GO:0120001	GO:0005886	5	0	3.0	1.0	6.0
GO:0008210	GO:0042445	4	1	2.0	2.0	2.0
GO:1905242	GO:1902074	5	1	3.0	2.0	4.0
GO:0061059	GO:0062208	6	0	6.0	1.0	2.0
GO:0018180	GO:0036211	6	0	4.0	2.0	2.0
GO:0036205	GO:0030163	6	0	4.0	1.0	2.0
GO:2001156	GO:0031329	7	1	5.0	1.0	2.0
GO:0035279	GO:0061157	9	1	5.0	1.0	5.0
GO:0070084	GO:0036211	6	1	4.0	2.0	2.0
GO:0045847	GO:0032108	4	1	7.0	1.0	4.0
GO:0014726	GO:0048635	8	0	5.0	1.0	3.0
GO:0015129	GO:1901702	4	1	3.0	1.0	3.0
GO:1901730	GO:0046394	5	0	5.0	1.0	2.0
GO:0008192	GO:0140098	6	1	3.0	1.0	4.0
GO:0018984	GO:0006082	3	0	3.0	1.0	2.0
GO:1904782	GO:0032413	5	0	5.0	1.0	2.0
GO:0072339	GO:1901566	4	2	4.0	1.0	2.0
GO:0097603	GO:0022839	5	1	6.0	1.0	2.0
GO:0008074	GO:1902494	2	0	2.0	1.0	2.0
GO:1905009	GO:0034763	7	0	5.0	1.0	3.0
GO:0043210	GO:0043177	4	1	3.0	1.0	2.0
GO:0015791	GO:0055085	6	1	2.0	1.0	2.0
GO:0101031	GO:0140535	2	1	2.0	1.0	2.0
GO:0003842	GO:0016620	5	0	4.0	1.0	5.0
GO:0015830	GO:1901571	6	0	5.0	0.0	4.0
GO:0019289	GO:0046394	5	0	5.0	1.0	2.0
GO:0044409	GO:0044000	5	1	5.0	2.0	2.0
GO:0071272	GO:0006790	5	1	3.0	1.0	4.0
GO:0103023	GO:0017111	5	0	6.0	1.0	3.0
GO:0006486	GO:0036211	4	2	4.0	2.0	2.0
GO:1903829	GO:0048522	4	1	4.0	1.0	2.0
GO:0015308	GO:0015078	5	0	5.0	1.0	2.0
GO:0036103	GO:1901568	5	1	3.0	2.0	4.0
GO:0090614	GO:0016814	4	0	4.0	1.0	3.0
GO:1900468	GO:0031326	6	1	5.0	1.0	2.0
GO:0097185	GO:1902075	5	0	4.0	1.0	3.0
GO:0015698	GO:0006810	6	1	3.0	1.0	3.0
GO:0005186	GO:0048018	4	1	4.0	1.0	2.0
GO:0015797	GO:0034219	6	0	3.0	1.0	2.0
GO:0051475	GO:0034219	6	0	3.0	1.0	2.0
GO:2000634	GO:1903798	6	1	7.0	1.0	3.0
GO:0009821	GO:0044550	5	1	3.0	1.0	2.0
GO:0071319	GO:1902075	5	0	4.0	1.0	3.0
GO:0006791	GO:0031667	1	0	4.0	1.0	4.0
GO:0015098	GO:1901702	5	1	3.0	1.0	4.0
GO:0042925	GO:1901702	4	0	3.0	1.0	3.0
GO:0044659	GO:0051673	3	1	3.0	1.0	5.0
GO:0046343	GO:0006790	5	1	3.0	1.0	4.0
GO:0046618	GO:0055085	5	1	2.0	1.0	3.0
GO:1902081	GO:0051926	6	0	6.0	1.0	2.0
GO:0015220	GO:1901702	6	1	3.0	1.0	5.0
GO:0098771	GO:0048878	6	2	4.0	1.0	2.0
GO:0039532	GO:0002683	6	1	4.0	1.0	4.0
GO:0015516	GO:0015297	5	0	5.0	1.0	3.0
GO:1904276	GO:0046890	5	1	5.0	1.0	2.0
GO:0042780	GO:0031123	9	1	7.0	1.0	2.0
GO:0048872	GO:0048871	4	1	2.0	1.0	2.0
GO:0052594	GO:0052595	5	0	5.0	0.0	2.0
GO:0016538	GO:0003674	5	1	0.0	1.0	5.0
GO:0045763	GO:0031324	6	1	5.0	1.0	2.0
GO:0034556	GO:0046857	5	0	4.0	1.0	5.0
GO:1901150	GO:0019751	3	1	4.0	2.0	3.0
GO:0070331	GO:0140535	2	0	2.0	1.0	2.0
GO:1900331	GO:0033239	6	0	6.0	1.0	2.0
GO:0052337	GO:0052183	7	0	5.0	2.0	2.0
GO:0004651	GO:0016791	7	0	5.0	1.0	2.0
GO:1903231	GO:0030371	6	0	2.0	1.0	6.0
GO:0034246	GO:0140110	3	0	1.0	1.0	2.0
GO:0015108	GO:1901702	4	0	3.0	1.0	5.0
GO:0002049	GO:0019438	5	0	4.0	1.0	4.0
GO:0015436	GO:0033284	4	0	4.0	2.0	3.0
GO:0015871	GO:0015697	5	0	5.0	1.0	2.0
GO:0070424	GO:0039531	6	2	5.0	2.0	2.0
GO:1900567	GO:0046483	4	1	3.0	1.0	3.0
GO:0106020	GO:0032879	5	1	3.0	1.0	2.0
GO:0047934	GO:0004344	6	0	4.0	1.0	2.0
GO:1901751	GO:0001676	4	1	5.0	1.0	3.0
GO:1900602	GO:0046394	4	0	5.0	1.0	2.0
GO:0071298	GO:1902075	6	0	4.0	1.0	4.0
GO:0030583	GO:0032502	3	0	1.0	1.0	4.0
GO:0031052	GO:0031049	6	0	5.0	0.0	4.0
GO:0042743	GO:0071704	4	1	2.0	1.0	4.0
GO:0005085	GO:0140678	5	0	2.0	1.0	5.0
GO:0036102	GO:0001676	4	1	5.0	1.0	3.0
GO:0034394	GO:0008104	5	0	3.0	1.0	2.0
GO:0070926	GO:0022898	6	1	4.0	2.0	2.0
GO:0042069	GO:0031323	5	3	4.0	1.0	2.0
GO:0005313	GO:0042887	6	1	3.0	1.0	3.0
GO:0035831	GO:0018130	6	0	4.0	1.0	2.0
GO:1901010	GO:1901360	6	1	3.0	1.0	3.0
GO:0051139	GO:0015078	6	1	5.0	1.0	2.0
GO:1901530	GO:1902074	4	0	3.0	2.0	3.0
GO:0010908	GO:0042762	7	2	5.0	1.0	4.0
GO:0018175	GO:0036211	6	2	4.0	2.0	2.0
GO:0010836	GO:0051348	8	0	5.0	1.0	5.0
GO:0051724	GO:0000295	5	0	6.0	1.0	3.0
GO:0003353	GO:0048522	6	2	4.0	1.0	2.0
GO:0050867	GO:0051240	5	1	4.0	1.0	3.0
GO:0030291	GO:0003674	6	1	0.0	1.0	6.0
GO:1990743	GO:0036211	6	0	4.0	2.0	2.0
GO:0034132	GO:0002683	7	0	4.0	1.0	4.0
GO:0036386	GO:0051276	9	0	5.0	1.0	4.0
GO:1901388	GO:0010646	6	2	4.0	1.0	5.0
GO:0018030	GO:0140096	6	0	2.0	1.0	4.0
GO:0046177	GO:0009313	6	0	5.0	1.0	4.0
GO:0045753	GO:0051172	6	0	5.0	1.0	3.0
GO:1902063	GO:1901566	4	0	4.0	1.0	2.0
GO:0015701	GO:0019755	6	0	5.0	1.0	3.0
GO:1900330	GO:0033238	5	1	5.0	1.0	2.0
GO:0031518	GO:0140513	2	0	2.0	1.0	2.0
GO:0061614	GO:0010586	8	0	7.0	1.0	5.0
GO:0097268	GO:0099512	2	0	4.0	1.0	4.0
GO:0120101	GO:0098797	5	0	3.0	1.0	8.0
GO:0015296	GO:0008509	5	1	4.0	1.0	2.0
GO:0090297	GO:1901860	9	0	7.0	0.0	4.0
GO:0015913	GO:1902001	7	0	5.0	1.0	2.0
GO:0033202	GO:0044815	3	1	2.0	1.0	3.0
GO:0075296	GO:0090068	7	1	6.0	1.0	2.0
GO:0120190	GO:0032891	6	0	5.0	2.0	3.0
GO:0015078	GO:0008324	5	1	4.0	1.0	2.0
GO:0034143	GO:0062207	7	1	5.0	2.0	2.0
GO:0004972	GO:0005244	6	0	4.0	1.0	2.0
GO:0015799	GO:0015850	7	0	5.0	1.0	2.0
GO:1900608	GO:0046394	4	0	5.0	1.0	2.0
GO:0090251	GO:0008104	5	0	3.0	1.0	2.0
GO:0071239	GO:1901699	5	0	4.0	1.0	3.0
GO:0045764	GO:0031325	6	1	5.0	1.0	2.0
GO:1990778	GO:0008104	5	1	3.0	1.0	2.0
GO:2000119	GO:0051051	7	0	4.0	1.0	3.0
GO:0140413	GO:0015103	6	0	4.0	1.0	2.0
GO:0019740	GO:0031667	1	1	4.0	1.0	4.0
GO:0007318	GO:0022412	2	0	2.0	1.0	2.0
GO:0019628	GO:0072523	4	0	5.0	1.0	3.0
GO:0006794	GO:0006793	1	0	3.0	1.0	4.0
GO:1901057	GO:1901576	8	0	3.0	1.0	5.0
GO:0098660	GO:0055085	4	1	2.0	1.0	2.0
GO:0075030	GO:0050793	5	1	3.0	1.0	4.0
GO:0071421	GO:0098655	6	1	4.0	1.0	2.0
GO:0035436	GO:0055085	5	0	2.0	1.0	3.0
GO:0046436	GO:0006522	6	1	6.0	1.0	2.0
GO:0031049	GO:0040029	5	0	6.0	1.0	7.0
GO:0140216	GO:0034763	7	0	5.0	1.0	3.0
GO:0035833	GO:0018130	7	0	4.0	1.0	3.0
GO:1904602	GO:0098665	5	0	3.0	1.0	4.0
GO:0140576	GO:0048878	7	0	4.0	1.0	3.0
GO:0140550	GO:0106254	2	0	2.0	1.0	2.0
GO:0004363	GO:1904091	5	0	3.0	0.0	8.0
GO:0046305	GO:0044272	4	1	4.0	1.0	2.0
GO:1990391	GO:1902494	2	1	2.0	1.0	2.0
GO:1902908	GO:0050794	5	1	3.0	1.0	2.0
GO:0015908	GO:0015718	6	1	7.0	1.0	3.0
GO:0042697	GO:1990636	3	0	4.0	0.0	7.0
GO:0015345	GO:0015603	6	0	3.0	1.0	5.0
GO:0018149	GO:0036211	6	1	4.0	2.0	2.0
GO:0099129	GO:0070252	3	0	4.0	1.0	3.0
GO:0006885	GO:0065007	8	3	1.0	2.0	6.0
GO:0035431	GO:0034763	8	0	5.0	1.0	3.0
GO:0052594	GO:0008131	5	0	5.0	0.0	2.0
GO:1900540	GO:0046395	4	0	5.0	1.0	2.0
GO:1900177	GO:0051171	5	1	4.0	1.0	3.0
GO:1903927	GO:1902074	4	1	3.0	2.0	3.0
GO:0070909	GO:0042887	6	0	3.0	1.0	4.0
GO:0051938	GO:0042886	6	1	5.0	1.0	3.0
GO:2000212	GO:0034249	7	1	6.0	1.0	3.0
GO:0044406	GO:0051701	2	1	3.0	2.0	2.0
GO:1902086	GO:0046394	3	0	5.0	1.0	2.0
GO:0044029	GO:0045815	8	0	7.0	0.0	7.0
GO:0006705	GO:0042446	5	1	3.0	1.0	2.0
GO:0062176	GO:0006338	5	0	5.0	2.0	6.0
GO:0097149	GO:0140535	2	0	2.0	1.0	2.0
GO:0033271	GO:0015850	6	1	5.0	1.0	2.0
GO:0039506	GO:0019054	3	2	3.0	1.0	2.0
GO:0005309	GO:0005343	5	0	4.0	1.0	2.0
GO:0010348	GO:1901702	6	0	3.0	1.0	5.0
GO:0034659	GO:0015718	6	2	7.0	1.0	3.0
GO:0015057	GO:0001648	5	0	5.0	0.0	2.0
GO:0006716	GO:0042445	4	1	2.0	2.0	2.0
GO:1904351	GO:0042177	8	1	6.0	1.0	2.0
GO:0061507	GO:0140702	4	0	4.0	0.0	2.0
GO:1903795	GO:0034762	7	2	4.0	2.0	3.0
GO:0046415	GO:0044281	4	1	2.0	1.0	2.0
GO:1901389	GO:0010648	7	1	5.0	1.0	5.0
GO:1900071	GO:0051049	7	2	4.0	1.0	3.0
GO:0070848	GO:0009719	4	2	2.0	2.0	2.0
GO:0033266	GO:0015418	4	0	4.0	1.0	2.0
GO:1900350	GO:0033240	6	0	6.0	1.0	2.0
GO:0120247	GO:1901576	3	1	3.0	1.0	2.0
GO:0010964	GO:0060966	7	1	6.0	2.0	3.0
GO:0015881	GO:1905039	5	0	4.0	1.0	3.0
GO:1905693	GO:0031326	7	1	5.0	1.0	2.0
GO:0048641	GO:1901861	6	2	4.0	2.0	2.0
GO:0050661	GO:0030554	4	1	5.0	1.0	3.0
GO:0006742	GO:0006195	3	0	6.0	2.0	3.0
GO:1903965	GO:0009062	5	0	5.0	1.0	3.0
GO:0015085	GO:1901702	6	2	3.0	1.0	5.0
GO:0044524	GO:0036211	6	2	4.0	2.0	2.0
GO:0071091	GO:1902494	4	0	2.0	1.0	4.0
GO:0017006	GO:0036211	6	2	4.0	2.0	2.0
GO:0071506	GO:1902075	5	0	4.0	1.0	3.0
GO:0039503	GO:0019049	4	1	3.0	1.0	2.0
GO:2001303	GO:0042759	5	0	6.0	1.0	3.0
GO:0035430	GO:0034762	7	1	4.0	2.0	3.0
GO:0042962	GO:0022853	7	0	4.0	1.0	3.0
GO:0008796	GO:0016462	7	1	5.0	1.0	2.0
GO:0034144	GO:0009968	7	0	5.0	1.0	2.0
GO:0033265	GO:0050997	4	0	2.0	1.0	3.0
GO:0080188	GO:0031048	8	0	7.0	1.0	3.0
GO:0015311	GO:0015297	5	0	5.0	1.0	3.0
GO:0061697	GO:0140096	5	0	2.0	1.0	4.0
GO:0120264	GO:0032879	5	1	3.0	1.0	2.0
GO:0052593	GO:0052595	5	0	5.0	0.0	2.0
GO:0009758	GO:0031667	1	0	4.0	1.0	4.0
GO:0009346	GO:0140535	3	0	2.0	1.0	3.0
GO:0044000	GO:0051701	5	2	3.0	2.0	2.0
GO:0034307	GO:0010564	6	1	5.0	1.0	2.0
GO:0005313	GO:1901702	6	1	3.0	1.0	5.0
GO:0062168	GO:0048523	6	0	4.0	1.0	2.0
GO:1901152	GO:0046173	4	0	5.0	1.0	3.0
GO:0035750	GO:0008104	5	0	3.0	1.0	2.0
GO:0015870	GO:0015697	5	1	5.0	1.0	2.0
GO:0032849	GO:0051452	5	1	9.0	1.0	3.0
GO:0019442	GO:0043605	6	0	5.0	1.0	4.0
GO:0019098	GO:0022414	2	1	1.0	1.0	2.0
GO:0043714	GO:0016747	5	0	4.0	1.0	3.0
GO:0010853	GO:0008047	4	2	3.0	1.0	2.0
GO:2000059	GO:0031330	9	2	6.0	1.0	3.0
GO:0015654	GO:1901702	5	0	3.0	1.0	4.0
GO:1900815	GO:0046394	4	0	5.0	1.0	2.0
GO:0034743	GO:1905360	2	0	3.0	1.0	3.0
GO:1901645	GO:0050678	5	1	5.0	2.0	2.0
GO:0019087	GO:0019054	3	0	3.0	1.0	2.0
GO:0006264	GO:0032042	7	0	5.0	1.0	5.0
GO:0034746	GO:1905360	2	0	3.0	1.0	3.0
GO:0010348	GO:0051139	6	0	6.0	1.0	2.0
GO:2000807	GO:0032879	5	1	3.0	1.0	2.0
GO:0097383	GO:0017110	7	0	6.0	1.0	3.0
GO:1900930	GO:0034763	7	0	5.0	1.0	3.0
GO:0036249	GO:0098655	4	0	4.0	1.0	2.0
GO:0089713	GO:0005667	2	0	2.0	1.0	2.0
GO:0110067	GO:1902495	6	0	3.0	1.0	3.0
GO:0010513	GO:0031328	8	1	6.0	1.0	2.0
GO:0015294	GO:0008324	5	1	4.0	1.0	2.0
GO:1900601	GO:0046395	4	0	5.0	1.0	2.0
GO:1901150	GO:0030647	3	1	6.0	2.0	2.0
GO:0046306	GO:0016054	4	1	4.0	1.0	2.0
GO:1905144	GO:0010243	4	1	4.0	1.0	2.0
GO:0070778	GO:0015810	5	1	5.0	0.0	2.0
GO:0000744	GO:0022414	7	0	1.0	1.0	3.0
GO:0009535	GO:0031968	6	0	4.0	1.0	4.0
GO:0046679	GO:1902074	4	1	3.0	2.0	3.0
GO:0070550	GO:0030261	8	0	8.0	1.0	2.0
GO:0035865	GO:1901701	6	0	4.0	1.0	4.0
GO:0039573	GO:0019049	4	0	3.0	1.0	2.0
GO:0002759	GO:0031347	5	4	5.0	1.0	3.0
GO:0051697	GO:0036211	6	0	4.0	2.0	2.0
GO:0032805	GO:0045732	7	0	6.0	1.0	2.0
GO:0015894	GO:0015695	5	0	5.0	1.0	4.0
GO:0015454	GO:0022853	5	0	4.0	1.0	3.0
GO:0002179	GO:0002178	5	0	4.0	4.0	4.0
GO:1901010	GO:0046483	6	1	3.0	1.0	3.0
GO:0030644	GO:0030002	7	0	5.0	1.0	2.0
GO:0015315	GO:0005452	6	1	5.0	0.0	3.0
GO:0062158	GO:0015078	5	0	5.0	1.0	2.0
GO:0010216	GO:0045814	5	0	7.0	2.0	6.0
GO:0002629	GO:0031330	7	0	6.0	1.0	3.0
GO:0080058	GO:0036211	6	0	4.0	2.0	2.0
GO:0097089	GO:0006631	4	1	4.0	1.0	3.0
GO:1990760	GO:0022890	3	0	4.0	2.0	2.0
GO:0140052	GO:0071404	4	0	4.0	0.0	2.0
GO:1904916	GO:0089707	4	0	5.0	0.0	2.0
GO:0015607	GO:0008514	4	0	5.0	1.0	3.0
GO:0046439	GO:0006575	6	2	3.0	1.0	4.0
GO:0055070	GO:0055080	9	3	6.0	1.0	3.0
GO:0045815	GO:0006338	7	0	5.0	2.0	6.0
GO:0010316	GO:1902494	2	0	2.0	1.0	2.0
GO:0034431	GO:0016462	7	0	5.0	1.0	2.0
GO:0005839	GO:1902494	2	1	2.0	1.0	2.0
GO:0015101	GO:0022857	5	1	2.0	1.0	3.0
GO:0071093	GO:1902494	4	0	2.0	1.0	4.0
GO:1905131	GO:0015101	4	0	5.0	1.0	3.0
GO:0009082	GO:0046394	5	1	5.0	1.0	2.0
GO:0005371	GO:0046943	5	2	4.0	1.0	3.0
GO:0015217	GO:1901702	5	1	3.0	1.0	4.0
GO:1903135	GO:1901681	7	0	2.0	1.0	6.0
GO:0031422	GO:1902494	2	0	2.0	1.0	2.0
GO:1902485	GO:0072341	3	0	2.0	1.0	3.0
GO:0046944	GO:0036211	6	1	4.0	2.0	2.0
GO:0035830	GO:1901360	5	1	3.0	1.0	2.0
GO:1905795	GO:1902075	5	0	4.0	1.0	3.0
GO:0034122	GO:0002683	6	1	4.0	1.0	3.0
GO:0008212	GO:0042445	4	2	2.0	2.0	2.0
GO:0004153	GO:0016814	4	0	4.0	1.0	3.0
GO:0032299	GO:1902494	3	0	2.0	1.0	3.0
GO:0034147	GO:0062207	7	1	5.0	2.0	2.0
GO:0007174	GO:0030163	6	0	4.0	1.0	2.0
GO:0001775	GO:0032501	2	1	1.0	1.0	3.0
GO:0016929	GO:0008234	6	1	4.0	1.0	2.0
GO:0015240	GO:0015101	4	1	5.0	1.0	5.0
GO:0032880	GO:0060341	4	2	4.0	1.0	2.0
GO:0140703	GO:0140702	5	0	4.0	0.0	2.0
GO:1902859	GO:0036115	5	0	5.0	1.0	2.0
GO:0015308	GO:0015297	5	0	5.0	1.0	3.0
GO:0009616	GO:0035194	4	1	8.0	1.0	2.0
GO:0071363	GO:0071495	5	1	3.0	1.0	2.0
GO:0072338	GO:1901564	3	2	3.0	1.0	2.0
GO:1903707	GO:0010721	5	1	6.0	1.0	3.0
GO:0015311	GO:0022853	5	0	4.0	1.0	3.0
GO:0090625	GO:0061157	9	0	5.0	1.0	4.0
GO:0070909	GO:1901702	6	0	3.0	1.0	4.0
GO:0097079	GO:1901702	5	0	3.0	1.0	4.0
GO:0009071	GO:0009063	6	1	4.0	1.0	2.0
GO:1902618	GO:1902075	4	0	4.0	1.0	2.0
GO:0019544	GO:0043605	6	0	5.0	1.0	5.0
GO:0034657	GO:0000151	3	0	3.0	1.0	2.0
GO:0008518	GO:0022853	5	0	4.0	1.0	3.0
GO:0140407	GO:0015078	7	0	5.0	1.0	2.0
GO:1905012	GO:1900371	7	1	7.0	1.0	2.0
GO:1901646	GO:0050680	6	0	6.0	1.0	2.0
GO:0019557	GO:0043605	6	0	5.0	1.0	5.0
GO:1905409	GO:0032411	6	0	4.0	1.0	2.0
GO:0030261	GO:0051276	8	1	5.0	1.0	3.0
GO:0072669	GO:1902494	3	0	2.0	1.0	3.0
GO:1903828	GO:0048523	4	1	4.0	1.0	2.0
GO:1905408	GO:0032410	6	0	4.0	1.0	2.0
GO:0072753	GO:0070887	6	0	3.0	1.0	3.0
GO:0140724	GO:1902932	8	0	6.0	1.0	3.0
GO:0019521	GO:0009311	5	1	4.0	2.0	4.0
GO:0019472	GO:0018130	5	0	4.0	1.0	3.0
GO:0010509	GO:0055082	5	0	3.0	1.0	2.0
GO:0043682	GO:1901702	4	0	3.0	1.0	5.0
GO:0000254	GO:0016716	5	0	4.0	1.0	3.0
GO:0009695	GO:0042759	5	0	6.0	1.0	3.0
GO:1900339	GO:0051171	6	1	4.0	1.0	3.0
GO:0043686	GO:0036211	6	1	4.0	2.0	2.0
GO:1902084	GO:0019752	4	1	5.0	1.0	3.0
GO:0061108	GO:0003006	4	0	2.0	1.0	2.0
GO:0015152	GO:0015119	3	0	4.0	2.0	3.0
GO:0061459	GO:0072349	5	1	3.0	1.0	3.0
GO:0061838	GO:0140513	2	0	2.0	1.0	2.0
GO:0034161	GO:0062208	8	0	6.0	1.0	2.0
GO:1900813	GO:0019752	3	1	5.0	1.0	3.0
GO:0150102	GO:0002695	5	0	5.0	1.0	2.0
GO:0010315	GO:0140115	6	0	3.0	1.0	5.0
GO:0006576	GO:0009308	5	2	4.0	1.0	2.0
GO:0045239	GO:1902494	2	2	2.0	1.0	2.0
GO:0006497	GO:0036211	6	1	4.0	2.0	2.0
GO:0039634	GO:0001907	4	0	4.0	2.0	2.0
GO:0039521	GO:0019054	5	0	3.0	1.0	2.0
GO:0050795	GO:0051239	3	1	3.0	1.0	2.0
GO:0120001	GO:0098590	5	0	3.0	1.0	6.0
GO:0055078	GO:0055080	8	1	6.0	1.0	2.0
GO:0097539	GO:0140535	2	0	2.0	1.0	2.0
GO:0039529	GO:0002753	6	0	4.0	2.0	2.0
GO:1905407	GO:0022898	6	1	4.0	2.0	2.0
GO:1902085	GO:0046395	5	0	5.0	1.0	2.0
GO:0031162	GO:0036211	4	0	4.0	2.0	2.0
GO:0106379	GO:0047429	5	0	6.0	1.0	3.0
GO:0061797	GO:0022839	6	0	6.0	1.0	2.0
GO:0071311	GO:1902075	5	0	4.0	1.0	3.0
GO:1905130	GO:0015695	4	0	5.0	1.0	3.0
GO:0070873	GO:0010675	6	2	5.0	1.0	2.0
GO:0075032	GO:0051093	6	0	4.0	1.0	3.0
GO:0071057	GO:1902494	4	0	2.0	1.0	4.0
GO:1905243	GO:1902075	6	0	4.0	1.0	4.0
GO:0051985	GO:0010948	5	2	6.0	1.0	2.0
GO:0002037	GO:0034763	7	1	5.0	1.0	3.0
GO:0001541	GO:0048856	4	0	2.0	1.0	2.0
GO:0008381	GO:0022839	5	1	6.0	1.0	2.0
GO:0035831	GO:1901362	6	0	4.0	1.0	2.0
GO:0031413	GO:0065007	3	0	1.0	2.0	2.0
GO:1900569	GO:0018130	4	0	4.0	1.0	3.0
GO:2000258	GO:1903318	5	1	7.0	1.0	2.0
GO:0034497	GO:0008104	5	0	3.0	1.0	2.0
GO:0050254	GO:0004703	4	0	5.0	0.0	3.0
GO:0097738	GO:0003006	3	0	2.0	1.0	3.0
GO:2000632	GO:1903799	7	0	6.0	0.0	2.0
GO:0015745	GO:0072348	4	0	4.0	1.0	4.0
GO:0055078	GO:0098771	8	1	6.0	2.0	2.0
GO:0015843	GO:0015695	6	1	5.0	1.0	2.0
GO:1905828	GO:0050994	5	1	5.0	2.0	2.0
GO:0043143	GO:0008104	5	0	3.0	1.0	2.0
GO:0098654	GO:0140513	2	0	2.0	1.0	2.0
GO:0005308	GO:0046943	4	1	4.0	1.0	3.0
GO:0004810	GO:0140101	8	1	4.0	1.0	6.0
GO:0006751	GO:1901575	5	0	3.0	1.0	3.0
GO:0001541	GO:0003006	4	0	2.0	1.0	2.0
GO:1990131	GO:1905360	2	0	3.0	1.0	3.0
GO:0033198	GO:1902074	4	2	3.0	2.0	3.0
GO:0006885	GO:0055080	8	3	6.0	1.0	2.0
GO:0010034	GO:1901698	4	1	3.0	1.0	3.0
GO:0015498	GO:0046943	4	0	4.0	1.0	3.0
GO:0071835	GO:0022414	8	0	1.0	1.0	7.0
GO:0072357	GO:0000164	5	0	5.0	0.0	2.0
GO:0034167	GO:0062207	7	1	5.0	2.0	2.0
GO:0070773	GO:0140096	5	0	2.0	1.0	4.0
GO:1902439	GO:1902075	5	0	4.0	1.0	3.0
GO:1903253	GO:1901607	5	0	5.0	1.0	4.0
GO:0061060	GO:0002683	6	0	4.0	1.0	3.0
GO:0034251	GO:0009894	6	2	4.0	2.0	2.0
GO:0015308	GO:0022853	5	0	4.0	1.0	3.0
GO:0019500	GO:1901565	4	0	4.0	1.0	2.0
GO:0034744	GO:1905360	2	0	3.0	1.0	3.0
GO:2000635	GO:1903799	7	0	6.0	0.0	2.0
GO:1901389	GO:0023057	7	1	4.0	1.0	5.0
GO:0019730	GO:0098542	3	1	3.0	1.0	2.0
GO:0043687	GO:0036211	6	1	4.0	2.0	2.0
GO:1902463	GO:0008104	5	0	3.0	1.0	2.0
GO:0032449	GO:0140535	2	0	2.0	1.0	2.0
GO:0005469	GO:0015297	7	0	5.0	1.0	3.0
GO:0042858	GO:0046394	5	0	5.0	1.0	2.0
GO:0010226	GO:1901700	5	1	3.0	1.0	4.0
GO:1990600	GO:0140656	4	0	4.0	0.0	2.0
GO:0015795	GO:0034219	6	0	3.0	1.0	2.0
GO:2001304	GO:0001676	4	1	5.0	1.0	3.0
GO:0003920	GO:0046857 	5	0			
