GO:0006325	GO:0070828	is_a
GO:0001301	GO:0070828	is_a
GO:0007580	GO:0034652	is_a
GO:0006333	GO:0031497	is_a
GO:0006333	GO:0031498	is_a
GO:0006333	GO:0006338	is_a
GO:0006333	GO:0070828	is_a
GO:0006333	GO:0140588	is_a
GO:0031497	GO:0016584	is_a
GO:0031497	GO:0031507	is_a
GO:0031497	GO:0031498	is_a
GO:0031497	GO:0034728	is_a
GO:0031497	GO:0070828	is_a
GO:0006335	GO:0006336	is_a
GO:0006335	GO:0016584	is_a
GO:0006335	GO:0031507	is_a
GO:0006335	GO:0140673	is_a
GO:0006335	GO:0034723	is_a
GO:0006336	GO:0016584	is_a
GO:0006336	GO:0031507	is_a
GO:0006336	GO:0031055	is_a
GO:0006336	GO:0006334	is_a
GO:0006336	GO:0043486	is_a
GO:0006336	GO:0034724	is_a
GO:0034080	GO:0031508	is_a
GO:0034080	GO:0031055	is_a
GO:0034080	GO:0006334	is_a
GO:0034080	GO:0043486	is_a
GO:0016584	GO:0031507	is_a
GO:0016584	GO:0034728	is_a
GO:0016584	GO:0006334	is_a
GO:0016584	GO:0006337	is_a
GO:0016584	GO:0042766	is_a
GO:0016584	GO:0043486	is_a
GO:0016584	GO:0060303	is_a
GO:0031507	GO:0031048	is_a
GO:0031507	GO:0071515	is_a
GO:0031507	GO:0140718	is_a
GO:0031507	GO:0140719	is_a
GO:0031507	GO:0070828	is_a
GO:0031507	GO:0140462	is_a
GO:0031048	GO:0140718	is_a
GO:0031048	GO:0140719	is_a
GO:1902795	GO:0140718	is_a
GO:1902795	GO:0000183	is_a
GO:1902795	GO:0006346	is_a
GO:1902795	GO:1902794	is_a
GO:0071514	GO:0071515	is_a
GO:0140458	GO:0061587	is_a
GO:0140458	GO:0080188	is_a
GO:0140458	GO:0140719	is_a
GO:0061587	GO:0080188	is_a
GO:0080188	GO:0006346	is_a
GO:0140718	GO:0006346	is_a
GO:0140718	GO:0140719	is_a
GO:0000183	GO:0006346	is_a
GO:0140719	GO:0031508	is_a
GO:0140719	GO:0031055	is_a
GO:0030466	GO:0031508	is_a
GO:0030466	GO:0031509	is_a
GO:0031508	GO:0031509	is_a
GO:0031508	GO:0031055	is_a
GO:0031508	GO:0140462	is_a
GO:0006338	GO:0031055	is_a
GO:0006338	GO:0034728	is_a
GO:0006338	GO:0070828	is_a
GO:0006338	GO:0140588	is_a
GO:0031055	GO:0034728	is_a
GO:0031055	GO:0140462	is_a
GO:0034728	GO:0006334	is_a
GO:0034728	GO:0006337	is_a
GO:0034728	GO:0042766	is_a
GO:0034728	GO:0043486	is_a
GO:0034728	GO:0060303	is_a
GO:0006334	GO:0006337	is_a
GO:0006334	GO:0042766	is_a
GO:0006334	GO:0043486	is_a
GO:0006337	GO:0042766	is_a
GO:0006337	GO:0043486	is_a
GO:0042766	GO:0043486	is_a
GO:0042766	GO:0060303	is_a
GO:0043486	GO:0035093	is_a
GO:0035042	GO:0035041	is_a
GO:0034723	GO:0034724	is_a
GO:0034723	GO:0035092	is_a
GO:0034723	GO:0070828	is_a
GO:0034723	GO:0140588	is_a
GO:0034724	GO:0035041	is_a
GO:0034724	GO:0035092	is_a
GO:0034724	GO:0070828	is_a
GO:0035041	GO:0035092	is_a
GO:0035041	GO:0070828	is_a
GO:0035092	GO:0070828	is_a
GO:0061641	GO:0140588	is_a
GO:0070828	GO:0140462	is_a
GO:0033696	GO:0140462	is_a
GO:0002285	GO:0002286	is_a
GO:0002285	GO:0002312	is_a
GO:0002286	GO:0002287	is_a
GO:0002286	GO:0002292	is_a
GO:0002286	GO:0002309	is_a
GO:0002286	GO:0002312	is_a
GO:0002287	GO:0002288	is_a
GO:0002287	GO:0002290	is_a
GO:0002287	GO:0002292	is_a
GO:0002289	GO:0002310	is_a
GO:0002293	GO:0002294	is_a
GO:0002293	GO:0002302	is_a
GO:0002293	GO:0002310	is_a
GO:0002293	GO:0002303	is_a
GO:0002293	GO:0002292	is_a
GO:0002293	GO:0043379	is_a
GO:0002294	GO:0002302	is_a
GO:0042093	GO:0045064	is_a
GO:0042093	GO:0061470	is_a
GO:0042093	GO:0072539	is_a
GO:0045063	GO:0045064	is_a
GO:0045063	GO:0061470	is_a
GO:0045063	GO:0072539	is_a
GO:0045064	GO:0061470	is_a
GO:0045064	GO:0072539	is_a
GO:0061470	GO:0072539	is_a
GO:0002310	GO:0002311	is_a
GO:0002310	GO:0002309	is_a
GO:0002290	GO:0002309	is_a
GO:0002303	GO:0002311	is_a
GO:0002303	GO:0002292	is_a
GO:0002303	GO:0043379	is_a
GO:0002311	GO:0002309	is_a
GO:0002291	GO:0002292	is_a
GO:0002291	GO:0002309	is_a
GO:0002292	GO:0043379	is_a
GO:0002292	GO:0002309	is_a
GO:0043379	GO:0002319	is_a
GO:0043316	GO:0043320	is_a
GO:0002312	GO:0002313	is_a
GO:0002312	GO:0002323	is_a
GO:0002313	GO:0002314	is_a
GO:0002313	GO:0002317	is_a
GO:0002313	GO:0002319	is_a
GO:0002313	GO:0002322	is_a
GO:0002314	GO:0002315	is_a
GO:0002314	GO:0002317	is_a
GO:0002314	GO:0002319	is_a
GO:0002315	GO:0002317	is_a
GO:0002315	GO:0002319	is_a
GO:0002316	GO:0002317	is_a
GO:0002316	GO:0002319	is_a
GO:0002317	GO:0002319	is_a
GO:0048289	GO:0035708	is_a
GO:0048289	GO:0048290	is_a
GO:0048289	GO:0048291	is_a
GO:0048289	GO:0048292	is_a
GO:0048290	GO:0048291	is_a
GO:0048290	GO:0048292	is_a
GO:0048291	GO:0048292	is_a
GO:0002323	GO:0002325	is_a
GO:0002324	GO:0002325	is_a
GO:0002324	GO:0043320	is_a
GO:0002325	GO:0043320	is_a
GO:0019882	GO:0002450	is_a
GO:0019882	GO:0002457	is_a
GO:0019882	GO:0002468	is_a
GO:0019882	GO:0002471	is_a
GO:0019882	GO:0002472	is_a
GO:0019882	GO:0002745	is_a
GO:0019882	GO:0019883	is_a
GO:0019882	GO:0019884	is_a
GO:0019882	GO:0048002	is_a
GO:0002450	GO:0002457	is_a
GO:0002450	GO:0002468	is_a
GO:0002450	GO:0019883	is_a
GO:0002450	GO:0019884	is_a
GO:0002417	GO:0002421	is_a
GO:0002417	GO:0002751	is_a
GO:0002421	GO:0002746	is_a
GO:0002421	GO:0002750	is_a
GO:0002457	GO:0002468	is_a
GO:0002468	GO:0002469	is_a
GO:0002468	GO:0002470	is_a
GO:0002469	GO:0002470	is_a
GO:0002471	GO:0002472	is_a
GO:0002471	GO:0002745	is_a
GO:0002471	GO:0019883	is_a
GO:0002471	GO:0019884	is_a
GO:0002471	GO:0048002	is_a
GO:0002472	GO:0019883	is_a
GO:0002472	GO:0019884	is_a
GO:0002473	GO:0002745	is_a
GO:0002473	GO:0002746	is_a
GO:0002473	GO:0002747	is_a
GO:0002473	GO:0019883	is_a
GO:0002473	GO:0019884	is_a
GO:0002473	GO:0048002	is_a
GO:0002475	GO:0002428	is_a
GO:0002475	GO:0048003	is_a
GO:0002475	GO:0002504	is_a
GO:0002475	GO:0002745	is_a
GO:0002475	GO:0002747	is_a
GO:0002475	GO:0019883	is_a
GO:0002475	GO:0019884	is_a
GO:0002475	GO:0048002	is_a
GO:0002428	GO:0002476	is_a
GO:0002428	GO:0002477	is_a
GO:0002428	GO:0048003	is_a
GO:0002428	GO:0002495	is_a
GO:0002428	GO:0002483	is_a
GO:0002428	GO:0002478	is_a
GO:0002428	GO:0048002	is_a
GO:0002428	GO:0002474	is_a
GO:0002476	GO:0002488	is_a
GO:0002476	GO:0002477	is_a
GO:0002476	GO:0002491	is_a
GO:0002476	GO:0002483	is_a
GO:0002476	GO:0019885	is_a
GO:0002488	GO:0002489	is_a
GO:0002488	GO:0002490	is_a
GO:0002489	GO:0002490	is_a
GO:0002477	GO:0002481	is_a
GO:0002477	GO:0002482	is_a
GO:0002477	GO:0019886	is_a
GO:0002477	GO:0002478	is_a
GO:0002477	GO:0042590	is_a
GO:0002481	GO:0002482	is_a
GO:0048003	GO:0048006	is_a
GO:0048003	GO:0048007	is_a
GO:0048003	GO:0019883	is_a
GO:0048003	GO:0019884	is_a
GO:0048006	GO:0048007	is_a
GO:0048006	GO:0019883	is_a
GO:0048006	GO:0002483	is_a
GO:0048007	GO:0019884	is_a
GO:0048007	GO:0002478	is_a
GO:0002504	GO:0002495	is_a
GO:0002504	GO:0002505	is_a
GO:0002504	GO:0002745	is_a
GO:0002504	GO:0019883	is_a
GO:0002504	GO:0019884	is_a
GO:0002504	GO:0048002	is_a
GO:0002495	GO:0002491	is_a
GO:0002495	GO:0019886	is_a
GO:0002495	GO:0002505	is_a
GO:0002495	GO:0002483	is_a
GO:0002495	GO:0002478	is_a
GO:0002495	GO:0048002	is_a
GO:0002495	GO:0002474	is_a
GO:0002491	GO:0019886	is_a
GO:0002491	GO:0002483	is_a
GO:0002491	GO:0019885	is_a
GO:0019886	GO:0002478	is_a
GO:0019886	GO:0042590	is_a
GO:0002745	GO:0002748	is_a
GO:0002745	GO:0002751	is_a
GO:0002745	GO:0002746	is_a
GO:0002745	GO:0002747	is_a
GO:0002745	GO:0019883	is_a
GO:0002745	GO:0019884	is_a
GO:0002745	GO:0048002	is_a
GO:0002748	GO:0002749	is_a
GO:0002748	GO:0002751	is_a
GO:0002748	GO:0002747	is_a
GO:0002749	GO:0002747	is_a
GO:0002746	GO:0002750	is_a
GO:0002746	GO:0002747	is_a
GO:0019883	GO:0002483	is_a
GO:0019883	GO:0019884	is_a
GO:0019883	GO:0048002	is_a
GO:0002483	GO:0019885	is_a
GO:0002483	GO:0002478	is_a
GO:0002483	GO:0048002	is_a
GO:0002483	GO:0002474	is_a
GO:0019885	GO:0002484	is_a
GO:0019885	GO:0002487	is_a
GO:0019885	GO:0042590	is_a
GO:0019885	GO:0002474	is_a
GO:0002484	GO:0002485	is_a
GO:0002484	GO:0002486	is_a
GO:0002484	GO:0002487	is_a
GO:0002485	GO:0002486	is_a
GO:0019884	GO:0002478	is_a
GO:0019884	GO:0048002	is_a
GO:0002478	GO:0048002	is_a
GO:0002478	GO:0002474	is_a
GO:0042590	GO:0002479	is_a
GO:0042590	GO:0002480	is_a
GO:0042590	GO:0002474	is_a
GO:0002479	GO:0002480	is_a
GO:0048002	GO:0002474	is_a
GO:0015605	GO:0015119	is_a
GO:0015605	GO:0031926	is_a
GO:0015605	GO:0071917	is_a
GO:0001406	GO:0015119	is_a
GO:0001406	GO:0015169	is_a
GO:0001406	GO:0015215	is_a
GO:0001406	GO:0005347	is_a
GO:0001406	GO:0015217	is_a
GO:0001406	GO:0008521	is_a
GO:0001406	GO:0015228	is_a
GO:0001406	GO:0080122	is_a
GO:0001406	GO:0140360	is_a
GO:0001406	GO:1902557	is_a
GO:0001406	GO:0015230	is_a
GO:0001406	GO:0044610	is_a
GO:0001406	GO:0031926	is_a
GO:0001406	GO:0071917	is_a
GO:0001406	GO:0089721	is_a
GO:0015119	GO:0015215	is_a
GO:0015119	GO:0005346	is_a
GO:0015119	GO:0044610	is_a
GO:0015119	GO:0031926	is_a
GO:0015119	GO:0071917	is_a
GO:0015526	GO:0061513	is_a
GO:0015526	GO:0015527	is_a
GO:0015526	GO:0051407	is_a
GO:0015526	GO:0009670	is_a
GO:0015169	GO:0015430	is_a
GO:0015169	GO:0015215	is_a
GO:0015169	GO:0005347	is_a
GO:0015169	GO:0015217	is_a
GO:0015169	GO:1902557	is_a
GO:0015169	GO:0005346	is_a
GO:0015169	GO:0015230	is_a
GO:0015169	GO:0031926	is_a
GO:0015169	GO:0071917	is_a
GO:0015215	GO:0005340	is_a
GO:0015215	GO:0015216	is_a
GO:0015215	GO:0015218	is_a
GO:0015215	GO:0015230	is_a
GO:0015215	GO:0030233	is_a
GO:0015215	GO:0044610	is_a
GO:0015215	GO:0051724	is_a
GO:0015215	GO:0031926	is_a
GO:0015215	GO:0071917	is_a
GO:0005340	GO:0015216	is_a
GO:0005340	GO:0015218	is_a
GO:0005340	GO:0030233	is_a
GO:0005340	GO:0051724	is_a
GO:0015216	GO:0000295	is_a
GO:0015216	GO:0001409	is_a
GO:0015216	GO:0005346	is_a
GO:0015216	GO:0015218	is_a
GO:0015216	GO:0051724	is_a
GO:0000295	GO:0005347	is_a
GO:0000295	GO:0015217	is_a
GO:0005347	GO:0015217	is_a
GO:0005347	GO:0015228	is_a
GO:0005347	GO:0080122	is_a
GO:0005347	GO:0005346	is_a
GO:0005347	GO:0015230	is_a
GO:0005347	GO:0031926	is_a
GO:0005471	GO:0015217	is_a
GO:0005471	GO:0010292	is_a
GO:0015217	GO:0015228	is_a
GO:0015217	GO:0080122	is_a
GO:0015217	GO:0005346	is_a
GO:0015217	GO:0015230	is_a
GO:0015217	GO:0044610	is_a
GO:0015217	GO:0031926	is_a
GO:0046964	GO:0071077	is_a
GO:0046964	GO:0008521	is_a
GO:0046964	GO:0015228	is_a
GO:0046964	GO:0080122	is_a
GO:0046964	GO:1902557	is_a
GO:0046964	GO:0005346	is_a
GO:0046964	GO:0015230	is_a
GO:0046964	GO:0031926	is_a
GO:0046964	GO:0089721	is_a
GO:0046964	GO:0090422	is_a
GO:0071077	GO:0008521	is_a
GO:0071077	GO:0015228	is_a
GO:0071077	GO:0015607	is_a
GO:0071077	GO:0080122	is_a
GO:0071077	GO:0140360	is_a
GO:0071077	GO:1902557	is_a
GO:0071077	GO:1905948	is_a
GO:0071077	GO:0005346	is_a
GO:0008521	GO:0015228	is_a
GO:0008521	GO:1902557	is_a
GO:0008521	GO:0015230	is_a
GO:0008521	GO:0031926	is_a
GO:0015325	GO:0015228	is_a
GO:0015228	GO:0080122	is_a
GO:0015228	GO:0015230	is_a
GO:0015228	GO:0031926	is_a
GO:0015607	GO:1902557	is_a
GO:0080122	GO:0005346	is_a
GO:0080122	GO:0015230	is_a
GO:0080122	GO:0044610	is_a
GO:0080122	GO:0031926	is_a
GO:0140360	GO:1902557	is_a
GO:0140360	GO:0001409	is_a
GO:0140360	GO:0005346	is_a
GO:0140360	GO:0015230	is_a
GO:0140360	GO:0031926	is_a
GO:0140360	GO:0089721	is_a
GO:1902557	GO:0005346	is_a
GO:1902557	GO:0015230	is_a
GO:1902557	GO:0044610	is_a
GO:1902557	GO:0031926	is_a
GO:1902557	GO:0089721	is_a
GO:0001409	GO:0005346	is_a
GO:0010292	GO:0005346	is_a
GO:0010292	GO:0015230	is_a
GO:0010292	GO:0044610	is_a
GO:0010292	GO:0031926	is_a
GO:1905948	GO:0005346	is_a
GO:1905948	GO:0015230	is_a
GO:0015218	GO:0015230	is_a
GO:0015218	GO:0030233	is_a
GO:0015218	GO:0051724	is_a
GO:0015230	GO:0030233	is_a
GO:0015230	GO:0044610	is_a
GO:0015230	GO:0051724	is_a
GO:0015230	GO:0031926	is_a
GO:0015663	GO:0030233	is_a
GO:0015663	GO:0044610	is_a
GO:0015663	GO:0051724	is_a
GO:0015663	GO:0071917	is_a
GO:0030233	GO:0051724	is_a
GO:0044610	GO:0051724	is_a
GO:0044610	GO:0031926	is_a
GO:0044610	GO:0071917	is_a
GO:0015527	GO:0031926	is_a
GO:0015527	GO:0051407	is_a
GO:0015527	GO:0071917	is_a
GO:0015527	GO:0009670	is_a
GO:0015527	GO:0015121	is_a
GO:0031926	GO:0071917	is_a
GO:0031926	GO:0089721	is_a
GO:0051407	GO:0071917	is_a
GO:0051407	GO:0009670	is_a
GO:0051407	GO:0051408	is_a
GO:0051407	GO:0089721	is_a
GO:0051407	GO:0015121	is_a
GO:0051978	GO:0071917	is_a
GO:0051978	GO:0089721	is_a
GO:0051978	GO:0090422	is_a
GO:0051408	GO:0015121	is_a
GO:0055067	GO:0030004	is_a
GO:0055067	GO:0055078	is_a
GO:0006885	GO:0030641	is_a
GO:0006885	GO:0045851	is_a
GO:0006885	GO:0045852	is_a
GO:0006885	GO:0030004	is_a
GO:0030641	GO:0051453	is_a
GO:0030641	GO:0045852	is_a
GO:0030641	GO:0030004	is_a
GO:0051453	GO:0032847	is_a
GO:0051453	GO:0035751	is_a
GO:0051453	GO:0051452	is_a
GO:0051453	GO:0051454	is_a
GO:0032848	GO:0032849	is_a
GO:0032848	GO:0051454	is_a
GO:1905527	GO:1905528	is_a
GO:1905527	GO:1905526	is_a
GO:1905528	GO:1905526	is_a
GO:0035751	GO:0051452	is_a
GO:0035751	GO:0051454	is_a
GO:0007042	GO:0035752	is_a
GO:0007042	GO:0007035	is_a
GO:0035752	GO:0051454	is_a
GO:0051452	GO:0048388	is_a
GO:0051452	GO:0061795	is_a
GO:0051452	GO:0090383	is_a
GO:0051452	GO:0051454	is_a
GO:0051452	GO:0045851	is_a
GO:0007035	GO:0048388	is_a
GO:0007035	GO:0061795	is_a
GO:0007035	GO:0090383	is_a
GO:0048388	GO:0061795	is_a
GO:0048388	GO:0090383	is_a
GO:0061795	GO:0090383	is_a
GO:0090383	GO:0090390	is_a
GO:0051454	GO:0045852	is_a
GO:0045851	GO:0045852	is_a
GO:0030004	GO:0006883	is_a
GO:0030004	GO:0030007	is_a
GO:0030004	GO:0097275	is_a
GO:0006883	GO:0030007	is_a
GO:0006883	GO:0097275	is_a
GO:0006883	GO:0055078	is_a
GO:0030007	GO:0055075	is_a
GO:0097275	GO:0097272	is_a
GO:0055075	GO:0055078	is_a
GO:0055075	GO:0097272	is_a
GO:0055078	GO:0097272	is_a
GO:0052548	GO:1900003	is_a
GO:0052548	GO:1904683	is_a
GO:0010950	GO:1904685	is_a
GO:0010950	GO:0010951	is_a
GO:0010950	GO:1904683	is_a
GO:0120289	GO:1900005	is_a
GO:0120289	GO:1904685	is_a
GO:0120289	GO:0120288	is_a
GO:0120289	GO:0120287	is_a
GO:1900005	GO:1904685	is_a
GO:1900005	GO:2001056	is_a
GO:1900005	GO:1900004	is_a
GO:1900005	GO:1900003	is_a
GO:1902961	GO:1904685	is_a
GO:1902961	GO:1902964	is_a
GO:1902961	GO:2001056	is_a
GO:1902961	GO:1902960	is_a
GO:1902961	GO:1902959	is_a
GO:1904685	GO:1904684	is_a
GO:1904685	GO:1904683	is_a
GO:1902964	GO:1902963	is_a
GO:1902964	GO:1902962	is_a
GO:2001056	GO:0043280	is_a
GO:2001056	GO:0097202	is_a
GO:2001056	GO:2000117	is_a
GO:2001056	GO:2000116	is_a
GO:2001056	GO:0043281	is_a
GO:0043280	GO:0006919	is_a
GO:0043280	GO:2001269	is_a
GO:0043280	GO:2001272	is_a
GO:0043280	GO:0043154	is_a
GO:0043280	GO:0043281	is_a
GO:0043280	GO:2001267	is_a
GO:0043280	GO:2001270	is_a
GO:0006919	GO:2001269	is_a
GO:0006919	GO:2001272	is_a
GO:2001269	GO:0097296	is_a
GO:2001269	GO:2001272	is_a
GO:2001269	GO:2001268	is_a
GO:2001269	GO:2001267	is_a
GO:2001272	GO:0097297	is_a
GO:2001272	GO:2001271	is_a
GO:2001272	GO:2001270	is_a
GO:0010951	GO:1904684	is_a
GO:0010951	GO:1904683	is_a
GO:0120288	GO:1900004	is_a
GO:0120288	GO:1904684	is_a
GO:0120288	GO:0120287	is_a
GO:1900004	GO:1904684	is_a
GO:1900004	GO:2000117	is_a
GO:1900004	GO:1900003	is_a
GO:1902960	GO:1904684	is_a
GO:1902960	GO:1902963	is_a
GO:1902960	GO:1902959	is_a
GO:1904684	GO:1904683	is_a
GO:1902963	GO:1902962	is_a
GO:2000117	GO:0043154	is_a
GO:2000117	GO:0097340	is_a
GO:2000117	GO:2000116	is_a
GO:2000117	GO:0043281	is_a
GO:0043154	GO:1990001	is_a
GO:0043154	GO:2001268	is_a
GO:0043154	GO:2001271	is_a
GO:0043154	GO:0097340	is_a
GO:0043154	GO:0043281	is_a
GO:0043154	GO:2001267	is_a
GO:0043154	GO:2001270	is_a
GO:1990001	GO:2001271	is_a
GO:1990001	GO:0097340	is_a
GO:2001268	GO:2001271	is_a
GO:2001268	GO:2001267	is_a
GO:2001271	GO:2001270	is_a
GO:0120287	GO:1900003	is_a
GO:0120287	GO:1904683	is_a
GO:1900003	GO:1904683	is_a
GO:1900003	GO:2000116	is_a
GO:1902959	GO:1904683	is_a
GO:1902959	GO:1902962	is_a
GO:1902959	GO:2000116	is_a
GO:2000116	GO:0043281	is_a
GO:0043281	GO:2001267	is_a
GO:0043281	GO:2001270	is_a
GO:2001267	GO:2001270	is_a
GO:0099512	GO:0061836	is_a
GO:0099512	GO:0071953	is_a
GO:0099512	GO:0099513	is_a
GO:0032982	GO:0097513	is_a
GO:0032982	GO:0043292	is_a
GO:0032982	GO:0099513	is_a
GO:0005863	GO:0097513	is_a
GO:0043292	GO:0030016	is_a
GO:0043292	GO:0030485	is_a
GO:0043292	GO:0061836	is_a
GO:0043292	GO:0071953	is_a
GO:0043292	GO:0099513	is_a
GO:0030016	GO:0097512	is_a
GO:0030016	GO:0098723	is_a
GO:0061800	GO:0098643	is_a
GO:0061836	GO:0071953	is_a
GO:0071953	GO:0099513	is_a
GO:0098643	GO:0098647	is_a
GO:0098643	GO:0099513	is_a
GO:0099513	GO:0001520	is_a
GO:0099513	GO:0005882	is_a
GO:0099513	GO:0005884	is_a
GO:0001520	GO:0005874	is_a
GO:0001520	GO:0005882	is_a
GO:0001520	GO:0005884	is_a
GO:0005874	GO:0005876	is_a
GO:0005874	GO:0005880	is_a
GO:0005874	GO:0005881	is_a
GO:0005874	GO:0033289	is_a
GO:0005874	GO:1901588	is_a
GO:0005874	GO:1905759	is_a
GO:0005874	GO:0005882	is_a
GO:0005874	GO:0005884	is_a
GO:0005876	GO:0005827	is_a
GO:0005876	GO:0005880	is_a
GO:0005876	GO:0005881	is_a
GO:0005876	GO:0033289	is_a
GO:0005876	GO:1901588	is_a
GO:0005876	GO:1905759	is_a
GO:0000235	GO:0005827	is_a
GO:0000235	GO:1990498	is_a
GO:0000235	GO:0005881	is_a
GO:0000235	GO:0005879	is_a
GO:0000235	GO:0055028	is_a
GO:0061673	GO:1990574	is_a
GO:1990537	GO:1990498	is_a
GO:0005828	GO:1990498	is_a
GO:1990941	GO:1990498	is_a
GO:0005880	GO:0005881	is_a
GO:0005880	GO:0033289	is_a
GO:0005880	GO:1901588	is_a
GO:0005880	GO:1905759	is_a
GO:0005881	GO:0055028	is_a
GO:0005881	GO:0020025	is_a
GO:0005881	GO:0033289	is_a
GO:0005881	GO:1901588	is_a
GO:0005881	GO:1905759	is_a
GO:0005879	GO:0097649	is_a
GO:0005879	GO:0055028	is_a
GO:0097650	GO:1990719	is_a
GO:0097650	GO:1990720	is_a
GO:1990719	GO:1990720	is_a
GO:0055028	GO:0010005	is_a
GO:0020025	GO:0033289	is_a
GO:0020025	GO:1901588	is_a
GO:0020025	GO:1905759	is_a
GO:0033289	GO:1901588	is_a
GO:0033289	GO:1905759	is_a
GO:1901588	GO:1905759	is_a
GO:0005882	GO:0005638	is_a
GO:0005882	GO:0005883	is_a
GO:0005882	GO:0045095	is_a
GO:0005882	GO:0045098	is_a
GO:0005882	GO:0097426	is_a
GO:0005638	GO:0005883	is_a
GO:0005638	GO:0045095	is_a
GO:0005638	GO:0045098	is_a
GO:0005638	GO:0097426	is_a
GO:0045095	GO:0045098	is_a
GO:0045095	GO:0097426	is_a
GO:0045098	GO:0097426	is_a
GO:0043632	GO:0019941	is_a
GO:0019941	GO:0006511	is_a
GO:0019941	GO:0030327	is_a
GO:0019941	GO:0070407	is_a
GO:0019941	GO:0043633	is_a
GO:0006511	GO:0043161	is_a
GO:0006511	GO:0043162	is_a
GO:0006511	GO:0070407	is_a
GO:0030579	GO:0043161	is_a
GO:0030579	GO:0043162	is_a
GO:0043161	GO:0036369	is_a
GO:0043161	GO:0072671	is_a
GO:0043161	GO:1990116	is_a
GO:0030433	GO:0097466	is_a
GO:0030433	GO:0031145	is_a
GO:0030433	GO:0031146	is_a
GO:0030433	GO:0036369	is_a
GO:0030433	GO:0071596	is_a
GO:0030433	GO:0071629	is_a
GO:0030433	GO:0072671	is_a
GO:0030433	GO:0120174	is_a
GO:0030433	GO:0140627	is_a
GO:0030433	GO:1990116	is_a
GO:0031145	GO:0036369	is_a
GO:0031145	GO:0072671	is_a
GO:0031145	GO:1990116	is_a
GO:0031146	GO:0036369	is_a
GO:0031146	GO:0071596	is_a
GO:0031146	GO:0071629	is_a
GO:0031146	GO:0071630	is_a
GO:0031146	GO:0072671	is_a
GO:0031146	GO:0140627	is_a
GO:0031146	GO:1990116	is_a
GO:0071596	GO:0072671	is_a
GO:0071596	GO:0140627	is_a
GO:0071596	GO:1990116	is_a
GO:0071629	GO:0071630	is_a
GO:0071629	GO:0072671	is_a
GO:0071630	GO:0072671	is_a
GO:0072671	GO:0140627	is_a
GO:0140627	GO:1990116	is_a
GO:0030327	GO:0070407	is_a
GO:0043633	GO:0043634	is_a
GO:0043633	GO:0071047	is_a
GO:0043633	GO:1990074	is_a
GO:0043634	GO:0035760	is_a
GO:0043634	GO:0071046	is_a
GO:0043634	GO:0071047	is_a
GO:0035760	GO:0071046	is_a
GO:0035760	GO:0071035	is_a
GO:0071046	GO:0071035	is_a
GO:0071046	GO:0071036	is_a
GO:0071046	GO:0071037	is_a
GO:0071046	GO:0071038	is_a
GO:0071046	GO:0071039	is_a
GO:0071046	GO:0071040	is_a
GO:0071035	GO:0071036	is_a
GO:0071035	GO:0071037	is_a
GO:0071035	GO:0071038	is_a
GO:0071035	GO:0071039	is_a
GO:0071035	GO:0071040	is_a
GO:0071036	GO:0071037	is_a
GO:0071036	GO:0071038	is_a
GO:0071036	GO:0071039	is_a
GO:0071036	GO:0071040	is_a
GO:0071037	GO:0071038	is_a
GO:0071037	GO:0071039	is_a
GO:0071037	GO:0071040	is_a
GO:0071038	GO:0071039	is_a
GO:0071038	GO:0071040	is_a
GO:0071039	GO:0071040	is_a
GO:0071047	GO:0071042	is_a
GO:0071047	GO:1990074	is_a
GO:0019098	GO:0007617	is_a
GO:0019098	GO:0060746	is_a
GO:0007617	GO:0007619	is_a
GO:0007617	GO:0035648	is_a
GO:0007617	GO:0060179	is_a
GO:0007617	GO:0060180	is_a
GO:0007617	GO:0060746	is_a
GO:0007619	GO:0008049	is_a
GO:0007619	GO:0008050	is_a
GO:0007619	GO:0035648	is_a
GO:0007619	GO:0060179	is_a
GO:0007619	GO:0060180	is_a
GO:0008049	GO:0048065	is_a
GO:0008049	GO:0008050	is_a
GO:0008049	GO:0060179	is_a
GO:0016543	GO:0048065	is_a
GO:0016544	GO:0016546	is_a
GO:0016544	GO:0045433	is_a
GO:0016544	GO:0048065	is_a
GO:0016546	GO:0045433	is_a
GO:0016546	GO:0048065	is_a
GO:0045433	GO:0048065	is_a
GO:0048065	GO:0016545	is_a
GO:0008050	GO:0060180	is_a
GO:0035648	GO:0048047	is_a
GO:0035648	GO:0060179	is_a
GO:0035648	GO:0060180	is_a
GO:0048047	GO:0060179	is_a
GO:0048047	GO:0060180	is_a
GO:0060179	GO:0060180	is_a
GO:0034606	GO:0034608	is_a
GO:0045924	GO:0007621	is_a
GO:0045924	GO:0046008	is_a
GO:0007621	GO:0045434	is_a
GO:0007621	GO:0045925	is_a
GO:0045434	GO:0046009	is_a
GO:0045434	GO:0046008	is_a
GO:0045925	GO:0046009	is_a
GO:0046009	GO:0046008	is_a
GO:0018991	GO:0060746	is_a
GO:0060746	GO:0042711	is_a
GO:0060746	GO:0042712	is_a
GO:0060746	GO:0060747	is_a
GO:0042711	GO:0042712	is_a
GO:0042711	GO:0060747	is_a
GO:0042712	GO:0060747	is_a
GO:0016801	GO:0016803	is_a
GO:0016802	GO:0047626	is_a
GO:0016802	GO:0016803	is_a
GO:0004013	GO:0047626	is_a
GO:0004013	GO:0098604	is_a
GO:0047626	GO:0098604	is_a
GO:0016803	GO:0004301	is_a
GO:0008096	GO:0018742	is_a
GO:0008096	GO:0018745	is_a
GO:0008096	GO:0019118	is_a
GO:0018742	GO:0018745	is_a
GO:0018742	GO:0019118	is_a
GO:0018744	GO:0018745	is_a
GO:0019118	GO:0018746	is_a
GO:0019118	GO:0018747	is_a
GO:0019118	GO:0019119	is_a
GO:0018746	GO:0018747	is_a
GO:0018746	GO:0019119	is_a
GO:0018747	GO:0019119	is_a
GO:0018743	GO:0018863	is_a
GO:0004463	GO:0102564	is_a
GO:0033963	GO:0050345	is_a
GO:0033963	GO:0102564	is_a
GO:0034926	GO:0047977	is_a
GO:0034926	GO:0050345	is_a
GO:0034926	GO:0102564	is_a
GO:0047408	GO:0047409	is_a
GO:0047408	GO:0050345	is_a
GO:0047408	GO:0102546	is_a
GO:0047409	GO:0050345	is_a
GO:0047409	GO:0102546	is_a
GO:0047409	GO:0102547	is_a
GO:0102071	GO:0103005	is_a
GO:0102546	GO:0102547	is_a
GO:0102564	GO:0103005	is_a
GO:0000096	GO:0006555	is_a
GO:0000097	GO:0009086	is_a
GO:0009086	GO:0071265	is_a
GO:0009086	GO:0071268	is_a
GO:0009086	GO:0006555	is_a
GO:0019279	GO:0019280	is_a
GO:0019279	GO:0019281	is_a
GO:0019279	GO:0033516	is_a
GO:0019279	GO:0019283	is_a
GO:0019280	GO:0019281	is_a
GO:0019280	GO:0033516	is_a
GO:0019281	GO:0033516	is_a
GO:0019284	GO:0019509	is_a
GO:0019284	GO:1990355	is_a
GO:0019509	GO:1990355	is_a
GO:0019344	GO:0006535	is_a
GO:0019344	GO:0019343	is_a
GO:0019344	GO:0019345	is_a
GO:0019344	GO:0052699	is_a
GO:0019344	GO:0071268	is_a
GO:0019344	GO:0071269	is_a
GO:0019344	GO:0006534	is_a
GO:0019344	GO:0046439	is_a
GO:0006535	GO:0019343	is_a
GO:0006535	GO:0019345	is_a
GO:0019343	GO:0019345	is_a
GO:0052699	GO:0071268	is_a
GO:0052699	GO:0052698	is_a
GO:0052704	GO:0140479	is_a
GO:0071268	GO:0071269	is_a
GO:0071268	GO:0050667	is_a
GO:0009087	GO:0019458	is_a
GO:0009087	GO:0043418	is_a
GO:0009087	GO:0006555	is_a
GO:0000951	GO:0000954	is_a
GO:0000951	GO:0019457	is_a
GO:0000951	GO:0019458	is_a
GO:0000954	GO:0019457	is_a
GO:0000954	GO:0019458	is_a
GO:0019457	GO:0019458	is_a
GO:0009093	GO:0019447	is_a
GO:0009093	GO:0019448	is_a
GO:0009093	GO:0043418	is_a
GO:0009093	GO:0052700	is_a
GO:0009093	GO:0006534	is_a
GO:0019447	GO:0019448	is_a
GO:0019447	GO:0046438	is_a
GO:0019448	GO:0019449	is_a
GO:0019448	GO:0019450	is_a
GO:0019448	GO:0019452	is_a
GO:0019448	GO:0019453	is_a
GO:0019448	GO:0046439	is_a
GO:0019449	GO:0019450	is_a
GO:0019449	GO:0019452	is_a
GO:0019449	GO:0019453	is_a
GO:0019450	GO:0019451	is_a
GO:0019450	GO:0019452	is_a
GO:0019450	GO:0019453	is_a
GO:0019452	GO:0019453	is_a
GO:0019453	GO:0019456	is_a
GO:0019454	GO:0019455	is_a
GO:0019454	GO:0019456	is_a
GO:0019455	GO:0019456	is_a
GO:0043418	GO:0050667	is_a
GO:0052700	GO:0052698	is_a
GO:0006534	GO:0046438	is_a
GO:0006534	GO:0046439	is_a
GO:0006534	GO:0006555	is_a
GO:0006534	GO:0050667	is_a
GO:0006534	GO:0052698	is_a
GO:0019267	GO:0019346	is_a
GO:0019267	GO:0046438	is_a
GO:0019267	GO:0046439	is_a
GO:0019346	GO:0050667	is_a
GO:0046438	GO:0046439	is_a
GO:0006555	GO:0050667	is_a
GO:0019400	GO:0006059	is_a
GO:0019400	GO:0006071	is_a
GO:0019400	GO:0019519	is_a
GO:0019400	GO:0051472	is_a
GO:0006059	GO:0006060	is_a
GO:0006059	GO:0019402	is_a
GO:0006059	GO:0019594	is_a
GO:0006059	GO:0006071	is_a
GO:0006059	GO:0019519	is_a
GO:0006059	GO:0051472	is_a
GO:0006060	GO:0019402	is_a
GO:0006060	GO:0019406	is_a
GO:0006060	GO:0019594	is_a
GO:0006061	GO:0019406	is_a
GO:0006061	GO:0019593	is_a
GO:0006062	GO:0019404	is_a
GO:0006062	GO:0019407	is_a
GO:0006062	GO:0019592	is_a
GO:0019403	GO:0019406	is_a
GO:0019404	GO:0019407	is_a
GO:0019406	GO:0019593	is_a
GO:0019406	GO:0019594	is_a
GO:0019406	GO:0006114	is_a
GO:0019406	GO:0019401	is_a
GO:0019406	GO:0019526	is_a
GO:0019406	GO:0051473	is_a
GO:0019593	GO:0019594	is_a
GO:0019407	GO:0019592	is_a
GO:0019407	GO:0019594	is_a
GO:0019407	GO:0019563	is_a
GO:0019407	GO:0019405	is_a
GO:0019407	GO:0019527	is_a
GO:0019592	GO:0019594	is_a
GO:0006071	GO:0019401	is_a
GO:0006071	GO:0019519	is_a
GO:0006071	GO:0051472	is_a
GO:0006114	GO:0046327	is_a
GO:0006114	GO:0019401	is_a
GO:0006114	GO:0019526	is_a
GO:0006114	GO:0051473	is_a
GO:0019563	GO:0019588	is_a
GO:0019563	GO:0019405	is_a
GO:0019563	GO:0019527	is_a
GO:0019564	GO:0019588	is_a
GO:0019588	GO:0019589	is_a
GO:0019401	GO:0019526	is_a
GO:0019401	GO:0051473	is_a
GO:0019401	GO:0019519	is_a
GO:0019526	GO:0046362	is_a
GO:0019526	GO:0051473	is_a
GO:0019526	GO:0019519	is_a
GO:0019526	GO:0019349	is_a
GO:0019526	GO:0051161	is_a
GO:0046362	GO:0019349	is_a
GO:0051473	GO:0051472	is_a
GO:0019405	GO:0019527	is_a
GO:0019405	GO:0019519	is_a
GO:0019527	GO:0046363	is_a
GO:0019527	GO:0051157	is_a
GO:0019527	GO:0051160	is_a
GO:0019527	GO:0019519	is_a
GO:0019527	GO:0019349	is_a
GO:0019527	GO:0051161	is_a
GO:0046363	GO:0019488	is_a
GO:0046363	GO:0051157	is_a
GO:0046363	GO:0019349	is_a
GO:0019488	GO:0019697	is_a
GO:0051157	GO:0051158	is_a
GO:0051157	GO:0051159	is_a
GO:0051157	GO:0051161	is_a
GO:0051158	GO:0019590	is_a
GO:0051158	GO:0051159	is_a
GO:0051158	GO:0051162	is_a
GO:0019590	GO:0019528	is_a
GO:0019590	GO:0019697	is_a
GO:0051159	GO:0019528	is_a
GO:0051159	GO:0051163	is_a
GO:0019528	GO:0019697	is_a
GO:0051160	GO:0019697	is_a
GO:0051160	GO:0051164	is_a
GO:0019519	GO:0019349	is_a
GO:0019519	GO:0051161	is_a
GO:0019519	GO:0051472	is_a
GO:0019349	GO:0051161	is_a
GO:0051161	GO:0051162	is_a
GO:0051161	GO:0051163	is_a
GO:0051162	GO:0051163	is_a
GO:0120039	GO:0048812	is_a
GO:0120039	GO:0072673	is_a
GO:0003399	GO:0048812	is_a
GO:0003399	GO:0072673	is_a
GO:0007409	GO:0021955	is_a
GO:0007409	GO:0048936	is_a
GO:0007409	GO:0048813	is_a
GO:0021955	GO:0021952	is_a
GO:0021955	GO:0021956	is_a
GO:0021955	GO:0048936	is_a
GO:0021540	GO:0021957	is_a
GO:0021540	GO:0021958	is_a
GO:0021540	GO:0021960	is_a
GO:0021540	GO:0021976	is_a
GO:0021540	GO:0034429	is_a
GO:0021957	GO:0021977	is_a
GO:0021958	GO:0021960	is_a
GO:0021958	GO:0021962	is_a
GO:0021958	GO:0021963	is_a
GO:0021958	GO:0021964	is_a
GO:0021959	GO:0021960	is_a
GO:0021959	GO:0021961	is_a
GO:0021959	GO:0021962	is_a
GO:0021959	GO:0021963	is_a
GO:0021959	GO:0034429	is_a
GO:0021960	GO:0021961	is_a
GO:0021960	GO:0021962	is_a
GO:0021962	GO:0021977	is_a
GO:0021962	GO:0034429	is_a
GO:0021964	GO:0021977	is_a
GO:0021964	GO:0034429	is_a
GO:0021974	GO:0021976	is_a
GO:0021974	GO:0021977	is_a
GO:0021974	GO:0034429	is_a
GO:0021975	GO:0021976	is_a
GO:0021977	GO:0034429	is_a
GO:0048894	GO:0048911	is_a
GO:0048894	GO:0048929	is_a
GO:0048911	GO:0048929	is_a
GO:0140060	GO:0140058	is_a
GO:0048813	GO:0150019	is_a
GO:0048813	GO:0150021	is_a
GO:0048813	GO:0060997	is_a
GO:0140059	GO:0150020	is_a
GO:0140059	GO:0150023	is_a
GO:0140059	GO:0150019	is_a
GO:0140059	GO:0150021	is_a
GO:0140059	GO:0140058	is_a
GO:0150020	GO:0150023	is_a
GO:0150020	GO:0150019	is_a
GO:0150023	GO:0150021	is_a
GO:0150019	GO:0150021	is_a
GO:0060997	GO:0061541	is_a
GO:0060997	GO:0140058	is_a
GO:0097485	GO:0007411	is_a
GO:0097485	GO:0070983	is_a
GO:0097485	GO:0097491	is_a
GO:0007411	GO:0008045	is_a
GO:0007411	GO:0033563	is_a
GO:0007411	GO:0033564	is_a
GO:0007411	GO:0071678	is_a
GO:0007411	GO:0070983	is_a
GO:0008045	GO:0021785	is_a
GO:0008045	GO:0033563	is_a
GO:0008045	GO:0033564	is_a
GO:0008045	GO:0071678	is_a
GO:0008045	GO:0071679	is_a
GO:0008045	GO:0097374	is_a
GO:0008045	GO:0097376	is_a
GO:0021785	GO:0021786	is_a
GO:0021785	GO:0021789	is_a
GO:0021786	GO:0021787	is_a
GO:0021786	GO:0021789	is_a
GO:0021787	GO:0021790	is_a
GO:0021788	GO:0021791	is_a
GO:0021789	GO:0021790	is_a
GO:0021966	GO:0021968	is_a
GO:0021966	GO:0021969	is_a
GO:0021966	GO:0021970	is_a
GO:0021966	GO:0021971	is_a
GO:0021966	GO:0021972	is_a
GO:0021966	GO:0031290	is_a
GO:0021966	GO:0033563	is_a
GO:0021966	GO:0033564	is_a
GO:0021966	GO:0036514	is_a
GO:0021966	GO:0036515	is_a
GO:0021966	GO:0071678	is_a
GO:0021966	GO:0071679	is_a
GO:0021966	GO:0072499	is_a
GO:0021966	GO:0097374	is_a
GO:0021966	GO:0097376	is_a
GO:0021966	GO:0097492	is_a
GO:0021967	GO:0021968	is_a
GO:0021967	GO:0021969	is_a
GO:0021967	GO:0021970	is_a
GO:0021967	GO:0021971	is_a
GO:0021967	GO:0021972	is_a
GO:0021967	GO:0031290	is_a
GO:0021967	GO:0033563	is_a
GO:0021967	GO:0033564	is_a
GO:0021967	GO:0036515	is_a
GO:0021967	GO:0071679	is_a
GO:0021967	GO:0072499	is_a
GO:0021967	GO:0097374	is_a
GO:0021967	GO:0097376	is_a
GO:0021967	GO:0097492	is_a
GO:0021968	GO:0021969	is_a
GO:0021968	GO:0021970	is_a
GO:0021968	GO:0021971	is_a
GO:0021968	GO:0021972	is_a
GO:0021968	GO:0031290	is_a
GO:0021968	GO:0033563	is_a
GO:0021968	GO:0033564	is_a
GO:0021968	GO:0036514	is_a
GO:0021968	GO:0036515	is_a
GO:0021968	GO:0071678	is_a
GO:0021968	GO:0071679	is_a
GO:0021968	GO:0072499	is_a
GO:0021968	GO:0097374	is_a
GO:0021968	GO:0097376	is_a
GO:0021968	GO:0097492	is_a
GO:0021969	GO:0021970	is_a
GO:0021969	GO:0021971	is_a
GO:0021969	GO:0021972	is_a
GO:0021969	GO:0031290	is_a
GO:0021969	GO:0033563	is_a
GO:0021969	GO:0033564	is_a
GO:0021969	GO:0036514	is_a
GO:0021969	GO:0036515	is_a
GO:0021969	GO:0071678	is_a
GO:0021969	GO:0071679	is_a
GO:0021969	GO:0072499	is_a
GO:0021969	GO:0097374	is_a
GO:0021969	GO:0097376	is_a
GO:0021969	GO:0097492	is_a
GO:0021970	GO:0021971	is_a
GO:0021970	GO:0021972	is_a
GO:0021970	GO:0031290	is_a
GO:0021970	GO:0033563	is_a
GO:0021970	GO:0033564	is_a
GO:0021970	GO:0036514	is_a
GO:0021970	GO:0036515	is_a
GO:0021970	GO:0071678	is_a
GO:0021970	GO:0071679	is_a
GO:0021970	GO:0072499	is_a
GO:0021970	GO:0097374	is_a
GO:0021970	GO:0097376	is_a
GO:0021970	GO:0097492	is_a
GO:0021971	GO:0021972	is_a
GO:0021971	GO:0031290	is_a
GO:0021971	GO:0033563	is_a
GO:0021971	GO:0033564	is_a
GO:0021971	GO:0036514	is_a
GO:0021971	GO:0036515	is_a
GO:0021971	GO:0071679	is_a
GO:0021971	GO:0072499	is_a
GO:0021971	GO:0097374	is_a
GO:0021971	GO:0097376	is_a
GO:0021971	GO:0097492	is_a
GO:0021972	GO:0031290	is_a
GO:0021972	GO:0033563	is_a
GO:0021972	GO:0033564	is_a
GO:0021972	GO:0036515	is_a
GO:0021972	GO:0071678	is_a
GO:0021972	GO:0071679	is_a
GO:0021972	GO:0072499	is_a
GO:0021972	GO:0097374	is_a
GO:0021972	GO:0097376	is_a
GO:0021972	GO:0097492	is_a
GO:0031290	GO:0033563	is_a
GO:0031290	GO:0033564	is_a
GO:0031290	GO:0097374	is_a
GO:0033563	GO:0033564	is_a
GO:0033563	GO:0071678	is_a
GO:0033563	GO:0072499	is_a
GO:0033563	GO:0097374	is_a
GO:0033563	GO:0097376	is_a
GO:0033564	GO:0071678	is_a
GO:0033564	GO:0097374	is_a
GO:0033564	GO:0097376	is_a
GO:0097379	GO:0097380	is_a
GO:0097379	GO:0097378	is_a
GO:0097380	GO:0097378	is_a
GO:0036514	GO:0097376	is_a
GO:0036515	GO:0071678	is_a
GO:0036515	GO:0071679	is_a
GO:0036515	GO:0072499	is_a
GO:0036515	GO:0097374	is_a
GO:0036515	GO:0097376	is_a
GO:0036515	GO:0097492	is_a
GO:0071678	GO:0097374	is_a
GO:0071678	GO:0097376	is_a
GO:0071679	GO:0097374	is_a
GO:0071679	GO:0097376	is_a
GO:0071679	GO:0097492	is_a
GO:0072499	GO:0097374	is_a
GO:0097374	GO:0097375	is_a
GO:0097374	GO:0097376	is_a
GO:0097376	GO:0097377	is_a
GO:0097377	GO:0097378	is_a
GO:0048858	GO:0120039	is_a
GO:0035318	GO:0035319	is_a
GO:0035319	GO:0106091	is_a
GO:0035319	GO:0120039	is_a
GO:0106091	GO:0106092	is_a
GO:0106091	GO:0120039	is_a
GO:0120039	GO:0048812	is_a
GO:0120039	GO:0072673	is_a
GO:0003399	GO:0048812	is_a
GO:0003399	GO:0072673	is_a
GO:0007409	GO:0021955	is_a
GO:0007409	GO:0048936	is_a
GO:0007409	GO:0048813	is_a
GO:0021955	GO:0021952	is_a
GO:0021955	GO:0021956	is_a
GO:0021955	GO:0048936	is_a
GO:0021540	GO:0021957	is_a
GO:0021540	GO:0021958	is_a
GO:0021540	GO:0021960	is_a
GO:0021540	GO:0021976	is_a
GO:0021540	GO:0034429	is_a
GO:0021957	GO:0021977	is_a
GO:0021958	GO:0021960	is_a
GO:0021958	GO:0021962	is_a
GO:0021958	GO:0021963	is_a
GO:0021958	GO:0021964	is_a
GO:0021959	GO:0021960	is_a
GO:0021959	GO:0021961	is_a
GO:0021959	GO:0021962	is_a
GO:0021959	GO:0021963	is_a
GO:0021959	GO:0034429	is_a
GO:0021960	GO:0021961	is_a
GO:0021960	GO:0021962	is_a
GO:0021962	GO:0021977	is_a
GO:0021962	GO:0034429	is_a
GO:0021964	GO:0021977	is_a
GO:0021964	GO:0034429	is_a
GO:0021974	GO:0021976	is_a
GO:0021974	GO:0021977	is_a
GO:0021974	GO:0034429	is_a
GO:0021975	GO:0021976	is_a
GO:0021977	GO:0034429	is_a
GO:0048894	GO:0048911	is_a
GO:0048894	GO:0048929	is_a
GO:0048911	GO:0048929	is_a
GO:0140060	GO:0140058	is_a
GO:0048813	GO:0150019	is_a
GO:0048813	GO:0150021	is_a
GO:0048813	GO:0060997	is_a
GO:0140059	GO:0150020	is_a
GO:0140059	GO:0150023	is_a
GO:0140059	GO:0150019	is_a
GO:0140059	GO:0150021	is_a
GO:0140059	GO:0140058	is_a
GO:0150020	GO:0150023	is_a
GO:0150020	GO:0150019	is_a
GO:0150023	GO:0150021	is_a
GO:0150019	GO:0150021	is_a
GO:0060997	GO:0061541	is_a
GO:0060997	GO:0140058	is_a
GO:0006936	GO:0006939	is_a
GO:0006936	GO:0006941	is_a
GO:0006939	GO:0014820	is_a
GO:0006939	GO:0014821	is_a
GO:0006939	GO:0014829	is_a
GO:0006939	GO:0014831	is_a
GO:0006939	GO:0014848	is_a
GO:0006939	GO:0043133	is_a
GO:0006939	GO:0070471	is_a
GO:0006939	GO:1990765	is_a
GO:0006939	GO:1990770	is_a
GO:0006939	GO:0006941	is_a
GO:0014820	GO:0014821	is_a
GO:0014820	GO:0014831	is_a
GO:0014820	GO:0120063	is_a
GO:0014820	GO:0014848	is_a
GO:0014820	GO:0070471	is_a
GO:0014820	GO:1990765	is_a
GO:0014820	GO:1990770	is_a
GO:0014824	GO:0014830	is_a
GO:0014824	GO:0014847	is_a
GO:0014824	GO:0014826	is_a
GO:0014824	GO:0014829	is_a
GO:0014847	GO:0014828	is_a
GO:0014847	GO:0120063	is_a
GO:0014821	GO:0014826	is_a
GO:0014821	GO:0014827	is_a
GO:0014821	GO:0014828	is_a
GO:0014821	GO:0014849	is_a
GO:0014821	GO:0014831	is_a
GO:0014821	GO:0120063	is_a
GO:0014821	GO:0014848	is_a
GO:0014821	GO:0043133	is_a
GO:0014821	GO:1990765	is_a
GO:0014821	GO:1990770	is_a
GO:0014826	GO:0014827	is_a
GO:0014826	GO:0014828	is_a
GO:0014826	GO:0014849	is_a
GO:0014826	GO:0014829	is_a
GO:0014827	GO:0014828	is_a
GO:0014827	GO:0014849	is_a
GO:0014827	GO:0030432	is_a
GO:0014827	GO:0014831	is_a
GO:0014827	GO:0014846	is_a
GO:0014827	GO:0120063	is_a
GO:0014828	GO:0014845	is_a
GO:0014828	GO:0014849	is_a
GO:0014828	GO:0120063	is_a
GO:0120064	GO:0120065	is_a
GO:0120064	GO:0120066	is_a
GO:0120064	GO:0120067	is_a
GO:0120065	GO:0120066	is_a
GO:0120065	GO:0120067	is_a
GO:0120066	GO:0120067	is_a
GO:0014849	GO:0014848	is_a
GO:0014849	GO:0014832	is_a
GO:0072105	GO:0030432	is_a
GO:0014829	GO:0014831	is_a
GO:0014829	GO:0014848	is_a
GO:0014829	GO:0043133	is_a
GO:0014829	GO:0070471	is_a
GO:0014829	GO:1990765	is_a
GO:0014829	GO:1990770	is_a
GO:0014831	GO:0014846	is_a
GO:0014831	GO:0120063	is_a
GO:0014831	GO:0014848	is_a
GO:0014831	GO:0070471	is_a
GO:0014831	GO:1990765	is_a
GO:0014846	GO:0120063	is_a
GO:0014848	GO:0014832	is_a
GO:0014848	GO:0070471	is_a
GO:0014848	GO:1990765	is_a
GO:0043133	GO:0070471	is_a
GO:0043133	GO:1990765	is_a
GO:0043133	GO:1990770	is_a
GO:0070471	GO:1990765	is_a
GO:0070471	GO:1990770	is_a
GO:1990765	GO:1990770	is_a
GO:0006941	GO:0003009	is_a
GO:0006941	GO:0060048	is_a
GO:0006941	GO:0061199	is_a
GO:0003009	GO:0003010	is_a
GO:0003009	GO:0003011	is_a
GO:0003009	GO:0060048	is_a
GO:0003009	GO:0061199	is_a
GO:0003010	GO:0014703	is_a
GO:0003010	GO:0003011	is_a
GO:0031443	GO:0031444	is_a
GO:0060048	GO:0061199	is_a
GO:0008134	GO:0001221	is_a
GO:0008134	GO:0140297	is_a
GO:0001221	GO:0001222	is_a
GO:0001221	GO:0001223	is_a
GO:0001221	GO:0140296	is_a
GO:0001221	GO:0140297	is_a
GO:0001222	GO:0001223	is_a
GO:0140296	GO:0001025	is_a
GO:0140296	GO:0001091	is_a
GO:0140296	GO:0140297	is_a
GO:0001025	GO:0001091	is_a
GO:0001025	GO:0001179	is_a
GO:0001154	GO:0001155	is_a
GO:0001154	GO:0001156	is_a
GO:0001155	GO:0001156	is_a
GO:0001091	GO:0001179	is_a
GO:0001092	GO:0001093	is_a
GO:0001092	GO:0001094	is_a
GO:0001092	GO:0001095	is_a
GO:0001092	GO:0001096	is_a
GO:0001092	GO:0001097	is_a
GO:0001093	GO:0001094	is_a
GO:0001093	GO:0001095	is_a
GO:0001093	GO:0001096	is_a
GO:0001093	GO:0001097	is_a
GO:0001094	GO:0001095	is_a
GO:0001094	GO:0001096	is_a
GO:0001094	GO:0001097	is_a
GO:0001095	GO:0001096	is_a
GO:0001095	GO:0001097	is_a
GO:0001096	GO:0001097	is_a
GO:0140297	GO:0061629	is_a
GO:0008140	GO:0043425	is_a
GO:0008140	GO:0061629	is_a
GO:0043425	GO:0043426	is_a
GO:0043425	GO:0061629	is_a
GO:0061629	GO:0016922	is_a
GO:0061629	GO:0030957	is_a
GO:0061629	GO:0051525	is_a
GO:0061629	GO:0097677	is_a
GO:0016922	GO:0017162	is_a
GO:0016922	GO:0030957	is_a
GO:0016922	GO:0051525	is_a
GO:0030331	GO:0031962	is_a
GO:0030331	GO:0033142	is_a
GO:0030331	GO:0042809	is_a
GO:0030331	GO:0046966	is_a
GO:0030331	GO:0050681	is_a
GO:0031962	GO:0033142	is_a
GO:0031962	GO:0035259	is_a
GO:0031962	GO:0042809	is_a
GO:0031962	GO:0042974	is_a
GO:0031962	GO:0046966	is_a
GO:0031962	GO:0050681	is_a
GO:0033142	GO:0035259	is_a
GO:0033142	GO:0042809	is_a
GO:0033142	GO:0046966	is_a
GO:0033142	GO:0050681	is_a
GO:0035259	GO:0031961	is_a
GO:0035259	GO:0042809	is_a
GO:0035259	GO:0042974	is_a
GO:0035259	GO:0046966	is_a
GO:0035259	GO:0050681	is_a
GO:0042809	GO:0046966	is_a
GO:0042809	GO:0050681	is_a
GO:0042974	GO:0046965	is_a
GO:0042974	GO:0050681	is_a
GO:0046966	GO:0050681	is_a
GO:0017162	GO:0030957	is_a
GO:0030957	GO:0051525	is_a
GO:0051059	GO:0051525	is_a
GO:0051525	GO:0097677	is_a
GO:0032069	GO:0032070	is_a
GO:0032069	GO:0060700	is_a
GO:0032069	GO:1905777	is_a
GO:0032070	GO:0032071	is_a
GO:0032070	GO:1902392	is_a
GO:0032070	GO:0032074	is_a
GO:0032070	GO:0032075	is_a
GO:0032070	GO:0060700	is_a
GO:0032070	GO:1905777	is_a
GO:0032071	GO:0032072	is_a
GO:0032071	GO:1902392	is_a
GO:0032072	GO:0032085	is_a
GO:0032072	GO:0032086	is_a
GO:0032072	GO:0032087	is_a
GO:0032073	GO:0032080	is_a
GO:0032073	GO:0032081	is_a
GO:0032073	GO:0032082	is_a
GO:0032073	GO:0032083	is_a
GO:0032073	GO:0032085	is_a
GO:0032073	GO:0032087	is_a
GO:0032073	GO:0032078	is_a
GO:0032080	GO:0032081	is_a
GO:0032080	GO:0032082	is_a
GO:0032080	GO:0032083	is_a
GO:0032080	GO:0032084	is_a
GO:0032081	GO:0032082	is_a
GO:0032081	GO:0032083	is_a
GO:0032081	GO:0032085	is_a
GO:0032082	GO:0032083	is_a
GO:0032082	GO:0032086	is_a
GO:0032083	GO:0032087	is_a
GO:0032084	GO:0032085	is_a
GO:0032084	GO:0032086	is_a
GO:0032084	GO:0032087	is_a
GO:0032085	GO:0032086	is_a
GO:0032085	GO:0032087	is_a
GO:0032086	GO:0032087	is_a
GO:0032078	GO:0032079	is_a
GO:0032078	GO:0032076	is_a
GO:0032078	GO:1902393	is_a
GO:0032079	GO:0032077	is_a
GO:0032079	GO:1902394	is_a
GO:0032076	GO:1902393	is_a
GO:0032076	GO:0032077	is_a
GO:0032076	GO:1902392	is_a
GO:0032076	GO:0032074	is_a
GO:0032076	GO:0060701	is_a
GO:0032076	GO:1905778	is_a
GO:1902393	GO:1902394	is_a
GO:1902393	GO:1902392	is_a
GO:1902393	GO:1901918	is_a
GO:1902393	GO:1905778	is_a
GO:0032077	GO:1902394	is_a
GO:0032077	GO:1902392	is_a
GO:0032077	GO:0032075	is_a
GO:0032077	GO:1902380	is_a
GO:0032077	GO:1905779	is_a
GO:1902394	GO:1902392	is_a
GO:1902394	GO:1905779	is_a
GO:1902394	GO:1901919	is_a
GO:1902392	GO:1905778	is_a
GO:1902392	GO:1905779	is_a
GO:1902392	GO:1901917	is_a
GO:1902392	GO:1905777	is_a
GO:0032074	GO:0060701	is_a
GO:0032074	GO:1905778	is_a
GO:0032074	GO:0032075	is_a
GO:0032074	GO:0060700	is_a
GO:0032074	GO:1905777	is_a
GO:0060701	GO:0060702	is_a
GO:0060701	GO:1901918	is_a
GO:0060701	GO:1905778	is_a
GO:0060701	GO:0060700	is_a
GO:0060701	GO:0060699	is_a
GO:0060701	GO:1901917	is_a
GO:0060702	GO:1901918	is_a
GO:0060702	GO:1902380	is_a
GO:0060702	GO:0060699	is_a
GO:1901918	GO:0106247	is_a
GO:1901918	GO:1905778	is_a
GO:1901918	GO:1901919	is_a
GO:1901918	GO:1901917	is_a
GO:0106247	GO:0106248	is_a
GO:0106247	GO:0106246	is_a
GO:1905778	GO:1905779	is_a
GO:1905778	GO:1905777	is_a
GO:0032075	GO:1902380	is_a
GO:0032075	GO:1905779	is_a
GO:0032075	GO:0060700	is_a
GO:0032075	GO:1905777	is_a
GO:1902380	GO:1905779	is_a
GO:1902380	GO:0060699	is_a
GO:1905779	GO:1901919	is_a
GO:1905779	GO:1905777	is_a
GO:1901919	GO:0106248	is_a
GO:1901919	GO:1901917	is_a
GO:1901919	GO:0106246	is_a
GO:0106248	GO:0106246	is_a
GO:1902800	GO:1902799	is_a
GO:0060700	GO:0060699	is_a
GO:0060700	GO:1901917	is_a
GO:0060700	GO:1905777	is_a
GO:0060699	GO:1901917	is_a
GO:1901917	GO:0106246	is_a
GO:1901917	GO:1905777	is_a
GO:0032944	GO:0050670	is_a
GO:0032945	GO:0050672	is_a
GO:0032945	GO:0032946	is_a
GO:0050672	GO:0030889	is_a
GO:0050672	GO:0042130	is_a
GO:0050672	GO:0050671	is_a
GO:0050672	GO:0050670	is_a
GO:0030889	GO:0032818	is_a
GO:0030889	GO:0042130	is_a
GO:0030889	GO:0030890	is_a
GO:0030889	GO:0030888	is_a
GO:0032818	GO:0032821	is_a
GO:0032818	GO:0042130	is_a
GO:0032818	GO:0032819	is_a
GO:0032818	GO:0032817	is_a
GO:0032818	GO:0032820	is_a
GO:0032821	GO:0032822	is_a
GO:0032821	GO:0032820	is_a
GO:0042130	GO:0033087	is_a
GO:0042130	GO:0046007	is_a
GO:0042130	GO:0046014	is_a
GO:0042130	GO:0046642	is_a
GO:0042130	GO:0046647	is_a
GO:0042130	GO:0042102	is_a
GO:0042130	GO:0042129	is_a
GO:0042130	GO:0046640	is_a
GO:0042130	GO:0046646	is_a
GO:0033087	GO:0046007	is_a
GO:0033087	GO:0046014	is_a
GO:0033087	GO:0033091	is_a
GO:0033087	GO:0033083	is_a
GO:0033088	GO:0033092	is_a
GO:0033088	GO:0033084	is_a
GO:0046007	GO:0046014	is_a
GO:0046007	GO:0046642	is_a
GO:0046007	GO:0046647	is_a
GO:0046007	GO:0042104	is_a
GO:0046007	GO:0046006	is_a
GO:0046014	GO:0046642	is_a
GO:0046014	GO:0042103	is_a
GO:0046014	GO:0046013	is_a
GO:0046642	GO:0051141	is_a
GO:0046642	GO:2000565	is_a
GO:0046642	GO:0046647	is_a
GO:0046642	GO:0046641	is_a
GO:0046642	GO:0046640	is_a
GO:0051141	GO:0051142	is_a
GO:0051141	GO:0051140	is_a
GO:2000562	GO:2000565	is_a
GO:2000562	GO:2000563	is_a
GO:2000562	GO:2000561	is_a
GO:2000565	GO:2000566	is_a
GO:2000565	GO:2000564	is_a
GO:0046647	GO:0046648	is_a
GO:0046647	GO:0046646	is_a
GO:0032946	GO:0050671	is_a
GO:0050671	GO:0030890	is_a
GO:0050671	GO:0042102	is_a
GO:0050671	GO:0050670	is_a
GO:0030890	GO:0032819	is_a
GO:0030890	GO:0042102	is_a
GO:0030890	GO:0030888	is_a
GO:0032819	GO:0032822	is_a
GO:0032819	GO:0042102	is_a
GO:0032819	GO:0032817	is_a
GO:0032819	GO:0032820	is_a
GO:0032822	GO:0032820	is_a
GO:0042102	GO:0033091	is_a
GO:0042102	GO:0042103	is_a
GO:0042102	GO:0042104	is_a
GO:0042102	GO:0046641	is_a
GO:0042102	GO:0046648	is_a
GO:0042102	GO:0042129	is_a
GO:0042102	GO:0046640	is_a
GO:0042102	GO:0046646	is_a
GO:0033091	GO:0033092	is_a
GO:0033091	GO:0042103	is_a
GO:0033091	GO:0042104	is_a
GO:0033091	GO:0046641	is_a
GO:0033091	GO:0033083	is_a
GO:0033091	GO:0033084	is_a
GO:0033092	GO:0033084	is_a
GO:0042103	GO:0042104	is_a
GO:0042103	GO:0046641	is_a
GO:0042103	GO:0046648	is_a
GO:0042103	GO:0046013	is_a
GO:0042104	GO:0046641	is_a
GO:0042104	GO:0046648	is_a
GO:0042104	GO:0046006	is_a
GO:0046641	GO:0051142	is_a
GO:0046641	GO:0046640	is_a
GO:0051142	GO:0051140	is_a
GO:2000563	GO:2000566	is_a
GO:2000563	GO:2000561	is_a
GO:2000566	GO:2000564	is_a
GO:0046648	GO:0046646	is_a
GO:0050670	GO:0042129	is_a
GO:0030888	GO:0032817	is_a
GO:0030888	GO:0042129	is_a
GO:0032817	GO:0032820	is_a
GO:0032817	GO:0042129	is_a
GO:0042129	GO:0033083	is_a
GO:0042129	GO:0046006	is_a
GO:0042129	GO:0046013	is_a
GO:0042129	GO:0046640	is_a
GO:0042129	GO:0046646	is_a
GO:0033083	GO:0033084	is_a
GO:0033083	GO:0046006	is_a
GO:0033083	GO:0046013	is_a
GO:0033083	GO:0046640	is_a
GO:0033083	GO:0046646	is_a
GO:0046006	GO:0046013	is_a
GO:0046006	GO:0046640	is_a
GO:0046006	GO:0046646	is_a
GO:0046013	GO:0046640	is_a
GO:0046013	GO:0046646	is_a
GO:0046640	GO:0051140	is_a
GO:0046640	GO:2000564	is_a
GO:0046640	GO:0046646	is_a
GO:2000561	GO:2000564	is_a
GO:0017076	GO:0019001	is_a
GO:0017076	GO:0030554	is_a
GO:0017076	GO:0032555	is_a
GO:0019001	GO:0032560	is_a
GO:0019001	GO:0032561	is_a
GO:0019001	GO:0030554	is_a
GO:0019001	GO:0032554	is_a
GO:0019001	GO:0032555	is_a
GO:0032560	GO:0032565	is_a
GO:0032560	GO:0032566	is_a
GO:0032560	GO:0032567	is_a
GO:0032560	GO:0032561	is_a
GO:0032560	GO:0032558	is_a
GO:0032560	GO:0032554	is_a
GO:0032565	GO:0032566	is_a
GO:0032565	GO:0032567	is_a
GO:0032565	GO:0019002	is_a
GO:0032565	GO:0019003	is_a
GO:0032565	GO:0030553	is_a
GO:0032565	GO:0097216	is_a
GO:0032565	GO:0032562	is_a
GO:0032565	GO:0032563	is_a
GO:0032565	GO:0032564	is_a
GO:0032565	GO:0016208	is_a
GO:0032565	GO:0030552	is_a
GO:0032565	GO:0043531	is_a
GO:0032565	GO:0120225	is_a
GO:0032565	GO:1902249	is_a
GO:0032566	GO:0032567	is_a
GO:0032566	GO:0019002	is_a
GO:0032566	GO:0019003	is_a
GO:0032566	GO:0030553	is_a
GO:0032566	GO:0032562	is_a
GO:0032566	GO:0032563	is_a
GO:0032566	GO:0032564	is_a
GO:0032566	GO:0016208	is_a
GO:0032566	GO:0030552	is_a
GO:0032566	GO:0043531	is_a
GO:0032566	GO:1902249	is_a
GO:0032567	GO:0019002	is_a
GO:0032567	GO:0019003	is_a
GO:0032567	GO:0030553	is_a
GO:0032567	GO:0097216	is_a
GO:0032567	GO:0032562	is_a
GO:0032567	GO:0032563	is_a
GO:0032567	GO:0032564	is_a
GO:0032567	GO:0016208	is_a
GO:0032567	GO:0030552	is_a
GO:0032567	GO:0043531	is_a
GO:0032567	GO:0120225	is_a
GO:0032567	GO:1902249	is_a
GO:0032561	GO:0005525	is_a
GO:0032561	GO:0019002	is_a
GO:0032561	GO:0097216	is_a
GO:0032561	GO:0032559	is_a
GO:0032561	GO:0032555	is_a
GO:0032561	GO:1901641	is_a
GO:0032561	GO:1902249	is_a
GO:0005525	GO:0019002	is_a
GO:0005525	GO:0005524	is_a
GO:0019002	GO:0019003	is_a
GO:0019002	GO:0032562	is_a
GO:0019002	GO:0032563	is_a
GO:0019002	GO:0032564	is_a
GO:0019002	GO:0016208	is_a
GO:0019002	GO:0030552	is_a
GO:0019002	GO:0043531	is_a
GO:0019002	GO:0120225	is_a
GO:0019002	GO:1902249	is_a
GO:0019003	GO:0016208	is_a
GO:0019003	GO:0043531	is_a
GO:0019003	GO:1902249	is_a
GO:0030553	GO:0032562	is_a
GO:0030553	GO:0032563	is_a
GO:0030553	GO:0032564	is_a
GO:0030553	GO:0016208	is_a
GO:0030553	GO:0030552	is_a
GO:0030553	GO:0043531	is_a
GO:0030553	GO:0120225	is_a
GO:0030553	GO:1902249	is_a
GO:0035438	GO:0061507	is_a
GO:0035438	GO:0097216	is_a
GO:0035438	GO:0140702	is_a
GO:0035438	GO:0032562	is_a
GO:0035438	GO:0032563	is_a
GO:0035438	GO:0032564	is_a
GO:0035438	GO:0016208	is_a
GO:0035438	GO:0030552	is_a
GO:0035438	GO:0043531	is_a
GO:0035438	GO:1902249	is_a
GO:0061507	GO:0140702	is_a
GO:0061507	GO:0032562	is_a
GO:0061507	GO:0032564	is_a
GO:0061507	GO:0032559	is_a
GO:0061507	GO:0005524	is_a
GO:0061507	GO:0016208	is_a
GO:0061507	GO:0030552	is_a
GO:0061507	GO:0043531	is_a
GO:0061507	GO:0050656	is_a
GO:0061507	GO:0120225	is_a
GO:0061507	GO:0120227	is_a
GO:0061507	GO:0120226	is_a
GO:0061507	GO:1905502	is_a
GO:0097216	GO:0032562	is_a
GO:0097216	GO:0016208	is_a
GO:0097216	GO:0030552	is_a
GO:0097216	GO:0043531	is_a
GO:0097216	GO:1902249	is_a
GO:0140702	GO:0032562	is_a
GO:0140702	GO:0032563	is_a
GO:0140702	GO:0032564	is_a
GO:0140702	GO:0032559	is_a
GO:0140702	GO:0005524	is_a
GO:0140702	GO:0016208	is_a
GO:0140702	GO:0030552	is_a
GO:0140702	GO:0043531	is_a
GO:0140702	GO:0120225	is_a
GO:0140702	GO:0120227	is_a
GO:0140702	GO:1902249	is_a
GO:0030554	GO:0032558	is_a
GO:0030554	GO:0032559	is_a
GO:0030554	GO:0032555	is_a
GO:0000774	GO:0032558	is_a
GO:0000774	GO:0032559	is_a
GO:0032558	GO:0032559	is_a
GO:0032558	GO:0032554	is_a
GO:0032562	GO:0032563	is_a
GO:0032562	GO:0032564	is_a
GO:0032562	GO:0016208	is_a
GO:0032562	GO:0030552	is_a
GO:0032562	GO:0043531	is_a
GO:0032562	GO:0120225	is_a
GO:0032562	GO:1902249	is_a
GO:0032563	GO:0032564	is_a
GO:0032563	GO:0016208	is_a
GO:0032563	GO:0030552	is_a
GO:0032563	GO:0043531	is_a
GO:0032563	GO:1902249	is_a
GO:0032564	GO:0016208	is_a
GO:0032564	GO:0030552	is_a
GO:0032564	GO:0043531	is_a
GO:0032564	GO:0120225	is_a
GO:0032564	GO:1902249	is_a
GO:0032559	GO:0005524	is_a
GO:0032559	GO:0016208	is_a
GO:0032559	GO:0030552	is_a
GO:0032559	GO:0043531	is_a
GO:0032559	GO:0120227	is_a
GO:0032559	GO:0032555	is_a
GO:0005524	GO:0016208	is_a
GO:0005524	GO:0030552	is_a
GO:0005524	GO:0043531	is_a
GO:0005524	GO:0120225	is_a
GO:0005524	GO:1901640	is_a
GO:0005524	GO:1901641	is_a
GO:0016208	GO:0030552	is_a
GO:0016208	GO:0043531	is_a
GO:0016208	GO:0120225	is_a
GO:0016208	GO:0120227	is_a
GO:0016208	GO:1902249	is_a
GO:0030552	GO:0043531	is_a
GO:0030552	GO:0120225	is_a
GO:0030552	GO:1902249	is_a
GO:0043531	GO:0120225	is_a
GO:0043531	GO:0120227	is_a
GO:0043531	GO:1902249	is_a
GO:0050656	GO:0120227	is_a
GO:0050656	GO:1905502	is_a
GO:0050656	GO:1902249	is_a
GO:0120225	GO:1902249	is_a
GO:0120227	GO:1905502	is_a
GO:0000062	GO:0036042	is_a
GO:0000062	GO:0120226	is_a
GO:0000062	GO:1905502	is_a
GO:0120226	GO:1905502	is_a
GO:0120226	GO:1902249	is_a
GO:1905502	GO:1902249	is_a
GO:0032554	GO:0032555	is_a
GO:0032555	GO:1901640	is_a
GO:0032555	GO:1901641	is_a
GO:0032555	GO:1902249	is_a
GO:1901640	GO:1901641	is_a
GO:1901640	GO:1902249	is_a
GO:1901641	GO:1902249	is_a
GO:0032446	GO:0016567	is_a
GO:0032446	GO:0016925	is_a
GO:0032446	GO:0045116	is_a
GO:0032446	GO:0070490	is_a
GO:0016567	GO:0000209	is_a
GO:0016567	GO:0006513	is_a
GO:0016567	GO:0007014	is_a
GO:0016567	GO:0016574	is_a
GO:0016567	GO:0051865	is_a
GO:0016567	GO:0016925	is_a
GO:0016567	GO:0045116	is_a
GO:0016567	GO:0070490	is_a
GO:0016567	GO:0071569	is_a
GO:0000209	GO:0097039	is_a
GO:0035519	GO:0044314	is_a
GO:0035519	GO:0070534	is_a
GO:0035519	GO:0070936	is_a
GO:0035519	GO:0070979	is_a
GO:0035519	GO:0085020	is_a
GO:0035519	GO:0097039	is_a
GO:0035519	GO:1990390	is_a
GO:0044314	GO:0070534	is_a
GO:0044314	GO:0070936	is_a
GO:0044314	GO:0070979	is_a
GO:0044314	GO:0085020	is_a
GO:0044314	GO:0097039	is_a
GO:0044314	GO:1990390	is_a
GO:0070534	GO:0070936	is_a
GO:0070534	GO:0070979	is_a
GO:0070534	GO:0085020	is_a
GO:0070534	GO:0097039	is_a
GO:0070534	GO:1990390	is_a
GO:0070534	GO:0033522	is_a
GO:0070535	GO:0035518	is_a
GO:0070535	GO:0033522	is_a
GO:0070535	GO:0036351	is_a
GO:0070535	GO:0036352	is_a
GO:0070936	GO:0070979	is_a
GO:0070936	GO:0085020	is_a
GO:0070936	GO:0097039	is_a
GO:0070936	GO:1990390	is_a
GO:0070979	GO:0085020	is_a
GO:0070979	GO:0097039	is_a
GO:0070979	GO:1990390	is_a
GO:0085020	GO:0097039	is_a
GO:0085020	GO:1990390	is_a
GO:1901044	GO:1990390	is_a
GO:0006513	GO:0010390	is_a
GO:0006513	GO:0007014	is_a
GO:0006513	GO:0051865	is_a
GO:0010390	GO:0016574	is_a
GO:0035518	GO:0033522	is_a
GO:0016574	GO:0033522	is_a
GO:0016574	GO:0033523	is_a
GO:0016574	GO:0140372	is_a
GO:0016574	GO:0051865	is_a
GO:0033522	GO:0033523	is_a
GO:0033522	GO:0140372	is_a
GO:0036351	GO:0036352	is_a
GO:0033523	GO:0071894	is_a
GO:0033523	GO:0140372	is_a
GO:0140372	GO:0140373	is_a
GO:0016925	GO:1990466	is_a
GO:0016925	GO:0045116	is_a
GO:0016925	GO:0070490	is_a
GO:0016925	GO:0071569	is_a
GO:0032020	GO:0032447	is_a
GO:0032020	GO:0045116	is_a
GO:0032020	GO:0070490	is_a
GO:0032447	GO:0045116	is_a
GO:0032447	GO:0070490	is_a
GO:0032447	GO:0071569	is_a
GO:0045116	GO:0070490	is_a
GO:0045116	GO:0071569	is_a
GO:0070490	GO:0071569	is_a
GO:0071569	GO:1990564	is_a
GO:0032104	GO:0032107	is_a
GO:0032105	GO:0032108	is_a
GO:0032105	GO:0032106	is_a
GO:0032108	GO:0032096	is_a
GO:0032108	GO:0032109	is_a
GO:0032108	GO:0032107	is_a
GO:0032108	GO:0032095	is_a
GO:0010516	GO:0140256	is_a
GO:0010516	GO:1903574	is_a
GO:0031286	GO:0110014	is_a
GO:0031286	GO:0031287	is_a
GO:0032096	GO:0032099	is_a
GO:0032096	GO:0032097	is_a
GO:0032096	GO:0032095	is_a
GO:0032099	GO:0032100	is_a
GO:2000140	GO:2000141	is_a
GO:0110014	GO:0045808	is_a
GO:0110014	GO:0110013	is_a
GO:0110014	GO:0060176	is_a
GO:0110014	GO:0031157	is_a
GO:0140256	GO:1901967	is_a
GO:0140256	GO:1903574	is_a
GO:0140256	GO:0080040	is_a
GO:0140256	GO:0140255	is_a
GO:1901967	GO:1903574	is_a
GO:1901967	GO:1901966	is_a
GO:1903574	GO:1903833	is_a
GO:1903574	GO:1903832	is_a
GO:0045808	GO:0045809	is_a
GO:0045808	GO:0045304	is_a
GO:0032106	GO:0032109	is_a
GO:0032109	GO:0032097	is_a
GO:0032109	GO:0032107	is_a
GO:0032109	GO:0032095	is_a
GO:0031287	GO:0110013	is_a
GO:0032097	GO:0032100	is_a
GO:0032097	GO:0032095	is_a
GO:0080040	GO:1903833	is_a
GO:0080040	GO:0140255	is_a
GO:0110013	GO:0060176	is_a
GO:1900436	GO:1903833	is_a
GO:1900436	GO:1900434	is_a
GO:1903833	GO:1903832	is_a
GO:0045809	GO:0045304	is_a
GO:0032107	GO:0032095	is_a
GO:0060176	GO:0031157	is_a
GO:0060176	GO:0045304	is_a
GO:0031158	GO:0031159	is_a
GO:0060905	GO:0140255	is_a
GO:0060905	GO:1901966	is_a
GO:0060905	GO:1903832	is_a
GO:0060905	GO:1904547	is_a
GO:0060905	GO:0045304	is_a
GO:0070563	GO:0070564	is_a
GO:0140255	GO:1903832	is_a
GO:0140255	GO:1904547	is_a
GO:1900434	GO:1901966	is_a
GO:1900434	GO:1903832	is_a
GO:1900434	GO:1904547	is_a
GO:1901966	GO:1903832	is_a
GO:1901966	GO:1904547	is_a
GO:1903832	GO:1904547	is_a
GO:0034219	GO:0015745	is_a
GO:0034219	GO:0015749	is_a
GO:0034219	GO:1904981	is_a
GO:0015726	GO:0015745	is_a
GO:0015726	GO:0015749	is_a
GO:0015726	GO:0015882	is_a
GO:0015726	GO:0015792	is_a
GO:0015726	GO:0042870	is_a
GO:0015726	GO:0042875	is_a
GO:0015726	GO:0042899	is_a
GO:0015726	GO:1904981	is_a
GO:0015745	GO:0015749	is_a
GO:0015745	GO:0015792	is_a
GO:0015745	GO:0042899	is_a
GO:0015745	GO:1904981	is_a
GO:0015749	GO:0008645	is_a
GO:0015749	GO:0015750	is_a
GO:0015749	GO:0042899	is_a
GO:0015749	GO:1904981	is_a
GO:0015749	GO:1904982	is_a
GO:0008645	GO:0015754	is_a
GO:0008645	GO:0015755	is_a
GO:0008645	GO:0015756	is_a
GO:0008645	GO:0015757	is_a
GO:0008645	GO:0015761	is_a
GO:0008645	GO:0015762	is_a
GO:0008645	GO:1904659	is_a
GO:0008645	GO:0015750	is_a
GO:0015754	GO:0015755	is_a
GO:0015754	GO:0015756	is_a
GO:0015754	GO:0015757	is_a
GO:0015754	GO:1904659	is_a
GO:0015755	GO:0032445	is_a
GO:0015755	GO:0015756	is_a
GO:0015755	GO:1904659	is_a
GO:1990539	GO:0140271	is_a
GO:1990539	GO:0098708	is_a
GO:1990539	GO:1903258	is_a
GO:0015756	GO:0015757	is_a
GO:0015756	GO:0015761	is_a
GO:0015756	GO:1904659	is_a
GO:0015757	GO:0015761	is_a
GO:0015757	GO:1904659	is_a
GO:0140425	GO:0098704	is_a
GO:0015761	GO:0015762	is_a
GO:0015761	GO:1904659	is_a
GO:0015762	GO:0140271	is_a
GO:0015762	GO:1904659	is_a
GO:0140271	GO:0098708	is_a
GO:0140271	GO:1903258	is_a
GO:0140271	GO:1904659	is_a
GO:0140271	GO:0046323	is_a
GO:0140271	GO:0098704	is_a
GO:0140271	GO:0106081	is_a
GO:0140271	GO:0106082	is_a
GO:0098708	GO:1903258	is_a
GO:0098708	GO:0046323	is_a
GO:1904659	GO:0046323	is_a
GO:0035623	GO:0046323	is_a
GO:0046323	GO:0044381	is_a
GO:0015750	GO:0015751	is_a
GO:0015750	GO:0015752	is_a
GO:0015751	GO:0042882	is_a
GO:0015752	GO:0015753	is_a
GO:0015882	GO:0042870	is_a
GO:0015882	GO:0042875	is_a
GO:0015882	GO:1901975	is_a
GO:0046411	GO:0042870	is_a
GO:0046411	GO:0042875	is_a
GO:0046411	GO:1901975	is_a
GO:0015792	GO:0042899	is_a
GO:0015792	GO:1904981	is_a
GO:0042870	GO:0042875	is_a
GO:0042870	GO:0098704	is_a
GO:0042870	GO:1901975	is_a
GO:0042875	GO:0042899	is_a
GO:0042875	GO:0098704	is_a
GO:0042899	GO:1901975	is_a
GO:0042899	GO:1904981	is_a
GO:0042899	GO:1904982	is_a
GO:0098704	GO:0106081	is_a
GO:0098704	GO:0106082	is_a
GO:0098704	GO:1904981	is_a
GO:0106081	GO:0106082	is_a
GO:0106081	GO:1904981	is_a
GO:0106082	GO:1904982	is_a
GO:1901975	GO:1904981	is_a
GO:1901975	GO:1904982	is_a
GO:1904981	GO:1904982	is_a
GO:0051851	GO:0052183	is_a
GO:0051851	GO:0052472	is_a
GO:0043922	GO:0043921	is_a
GO:0043922	GO:0043923	is_a
GO:0043922	GO:0044788	is_a
GO:0043922	GO:0044793	is_a
GO:0043922	GO:0052183	is_a
GO:0043922	GO:0052422	is_a
GO:0043922	GO:0052430	is_a
GO:0043922	GO:0052472	is_a
GO:0043922	GO:0097615	is_a
GO:0043921	GO:1990969	is_a
GO:0043921	GO:0044793	is_a
GO:0043921	GO:0052422	is_a
GO:1990969	GO:0052422	is_a
GO:0043923	GO:0044788	is_a
GO:0043923	GO:0052183	is_a
GO:0043923	GO:0052422	is_a
GO:0043923	GO:0052430	is_a
GO:0043923	GO:0052472	is_a
GO:0044788	GO:0044793	is_a
GO:0044788	GO:0044794	is_a
GO:0044788	GO:0044827	is_a
GO:0044788	GO:0044868	is_a
GO:0044788	GO:0044870	is_a
GO:0044788	GO:0048874	is_a
GO:0044788	GO:0052183	is_a
GO:0044788	GO:0052430	is_a
GO:0044788	GO:0052472	is_a
GO:0044793	GO:0044828	is_a
GO:0044793	GO:0044871	is_a
GO:0044793	GO:0044794	is_a
GO:0044793	GO:0044827	is_a
GO:0044793	GO:0044868	is_a
GO:0044828	GO:0044829	is_a
GO:0044828	GO:0044827	is_a
GO:0044828	GO:0044830	is_a
GO:0044871	GO:0044870	is_a
GO:0044794	GO:0044829	is_a
GO:0044794	GO:0044827	is_a
GO:0044794	GO:0044868	is_a
GO:0044829	GO:0044827	is_a
GO:0044829	GO:0044830	is_a
GO:0044827	GO:0044830	is_a
GO:0044827	GO:0044868	is_a
GO:0044868	GO:0044867	is_a
GO:0044868	GO:0044870	is_a
GO:0044867	GO:0044866	is_a
GO:0044867	GO:1990968	is_a
GO:0044866	GO:0044869	is_a
GO:0044866	GO:0052403	is_a
GO:0044869	GO:0052403	is_a
GO:0048874	GO:0052460	is_a
GO:0052183	GO:0052187	is_a
GO:0052187	GO:0052335	is_a
GO:0052187	GO:0052336	is_a
GO:0052187	GO:0052337	is_a
GO:0052187	GO:0052367	is_a
GO:0052335	GO:0052336	is_a
GO:0052335	GO:0052337	is_a
GO:0052336	GO:0052338	is_a
GO:0052336	GO:0052337	is_a
GO:0052336	GO:0052367	is_a
GO:0052337	GO:0052367	is_a
GO:0052494	GO:0052496	is_a
GO:0052422	GO:0052403	is_a
GO:0052422	GO:0052430	is_a
GO:0052422	GO:0052472	is_a
GO:0052430	GO:0052460	is_a
GO:0052430	GO:0052472	is_a
GO:0052430	GO:0097615	is_a
GO:0052460	GO:0052519	is_a
GO:0097615	GO:0097616	is_a
GO:0002200	GO:0002562	is_a
GO:0002200	GO:0002563	is_a
GO:0002200	GO:0002565	is_a
GO:0002200	GO:0002566	is_a
GO:0002200	GO:0016445	is_a
GO:0002201	GO:0002202	is_a
GO:0002201	GO:0002562	is_a
GO:0002201	GO:0002563	is_a
GO:0002201	GO:0002565	is_a
GO:0002201	GO:0002566	is_a
GO:0002201	GO:0002567	is_a
GO:0002201	GO:0002568	is_a
GO:0002201	GO:0002569	is_a
GO:0002201	GO:0016445	is_a
GO:0002202	GO:0002562	is_a
GO:0002202	GO:0002563	is_a
GO:0002202	GO:0002565	is_a
GO:0002202	GO:0002566	is_a
GO:0002202	GO:0002567	is_a
GO:0002202	GO:0002568	is_a
GO:0002202	GO:0016445	is_a
GO:0002562	GO:0002563	is_a
GO:0002562	GO:0002565	is_a
GO:0002562	GO:0002566	is_a
GO:0002562	GO:0002567	is_a
GO:0002562	GO:0002568	is_a
GO:0002562	GO:0002569	is_a
GO:0002562	GO:0016445	is_a
GO:0002681	GO:0016447	is_a
GO:0002681	GO:0002568	is_a
GO:0002681	GO:0002571	is_a
GO:0033153	GO:0033151	is_a
GO:0016447	GO:0002204	is_a
GO:0016447	GO:0002452	is_a
GO:0016447	GO:0002564	is_a
GO:0016447	GO:0002206	is_a
GO:0016447	GO:0016446	is_a
GO:0016447	GO:0002570	is_a
GO:0016447	GO:0016445	is_a
GO:0016447	GO:0002208	is_a
GO:0002204	GO:0002207	is_a
GO:0002204	GO:0002205	is_a
GO:0002204	GO:0002208	is_a
GO:0048289	GO:0035708	is_a
GO:0048289	GO:0048290	is_a
GO:0048289	GO:0048291	is_a
GO:0048289	GO:0048292	is_a
GO:0048290	GO:0048291	is_a
GO:0048290	GO:0048292	is_a
GO:0048291	GO:0048292	is_a
GO:0002452	GO:0002345	is_a
GO:0002452	GO:0002511	is_a
GO:0002345	GO:0002511	is_a
GO:0033152	GO:0071707	is_a
GO:0033152	GO:0071708	is_a
GO:0033152	GO:0033151	is_a
GO:0071707	GO:0071708	is_a
GO:0002563	GO:0002565	is_a
GO:0002563	GO:0002566	is_a
GO:0002563	GO:0002567	is_a
GO:0002563	GO:0002568	is_a
GO:0002563	GO:0002569	is_a
GO:0002563	GO:0016445	is_a
GO:0002564	GO:0002206	is_a
GO:0002564	GO:0002570	is_a
GO:0002564	GO:0016445	is_a
GO:0002564	GO:0002208	is_a
GO:0002565	GO:0002566	is_a
GO:0002565	GO:0002567	is_a
GO:0002565	GO:0002568	is_a
GO:0002565	GO:0002569	is_a
GO:0002565	GO:0016445	is_a
GO:0002206	GO:0002207	is_a
GO:0002206	GO:0016445	is_a
GO:0002206	GO:0002208	is_a
GO:0002207	GO:0002208	is_a
GO:0002566	GO:0016446	is_a
GO:0002566	GO:0002567	is_a
GO:0002566	GO:0002568	is_a
GO:0002566	GO:0002569	is_a
GO:0002566	GO:0016445	is_a
GO:0016446	GO:0002205	is_a
GO:0016446	GO:0002570	is_a
GO:0016446	GO:0016445	is_a
GO:0016446	GO:0002208	is_a
GO:0002205	GO:0002208	is_a
GO:0002567	GO:0002568	is_a
GO:0002567	GO:0002569	is_a
GO:0002567	GO:0016445	is_a
GO:0002568	GO:0002571	is_a
GO:0002571	GO:0002569	is_a
GO:0002571	GO:0002570	is_a
GO:0002569	GO:0002570	is_a
GO:0002569	GO:0016445	is_a
GO:0002570	GO:0016445	is_a
GO:0002570	GO:0002208	is_a
GO:0016445	GO:0002208	is_a
GO:0016298	GO:0004620	is_a
GO:0016298	GO:0004806	is_a
GO:0016298	GO:0047714	is_a
GO:0004620	GO:0004623	is_a
GO:0004620	GO:0004629	is_a
GO:0004620	GO:0004630	is_a
GO:0004620	GO:0008970	is_a
GO:0004622	GO:0004623	is_a
GO:0004622	GO:0004629	is_a
GO:0004622	GO:0004630	is_a
GO:0004622	GO:0008970	is_a
GO:0004622	GO:0035755	is_a
GO:0004622	GO:0004771	is_a
GO:0004622	GO:0004806	is_a
GO:0004622	GO:0047372	is_a
GO:0004623	GO:0047498	is_a
GO:0004623	GO:0004629	is_a
GO:0004623	GO:0004630	is_a
GO:0004623	GO:0008970	is_a
GO:0004623	GO:0035755	is_a
GO:0004623	GO:0004771	is_a
GO:0004623	GO:0004806	is_a
GO:0004623	GO:0047714	is_a
GO:0047498	GO:0047499	is_a
GO:0004629	GO:0034479	is_a
GO:0004629	GO:0050429	is_a
GO:0004629	GO:0004630	is_a
GO:0004629	GO:0008970	is_a
GO:0004435	GO:0034479	is_a
GO:0004435	GO:0034480	is_a
GO:0004435	GO:0050429	is_a
GO:0004435	GO:0052712	is_a
GO:0034479	GO:0034480	is_a
GO:0034479	GO:0050429	is_a
GO:0034479	GO:0052712	is_a
GO:0034480	GO:0050429	is_a
GO:0034480	GO:0052712	is_a
GO:0052712	GO:0052713	is_a
GO:0052714	GO:0052715	is_a
GO:0004630	GO:0008970	is_a
GO:0004767	GO:0061750	is_a
GO:0004767	GO:0061751	is_a
GO:0004767	GO:0008970	is_a
GO:0004767	GO:0035755	is_a
GO:0004767	GO:0050290	is_a
GO:0061750	GO:0061751	is_a
GO:0008970	GO:0035755	is_a
GO:0008970	GO:0004771	is_a
GO:0008970	GO:0004806	is_a
GO:0008970	GO:0047714	is_a
GO:0052739	GO:0070290	is_a
GO:0052739	GO:0004771	is_a
GO:0052739	GO:0047714	is_a
GO:0052740	GO:0070290	is_a
GO:0052740	GO:0047714	is_a
GO:0004771	GO:0004806	is_a
GO:0004771	GO:0047714	is_a
GO:0004806	GO:0004465	is_a
GO:0004806	GO:0047372	is_a
GO:0004806	GO:0047714	is_a
GO:0099536	GO:0099537	is_a
GO:0099163	GO:0099548	is_a
GO:0099163	GO:0099537	is_a
GO:0099163	GO:0099543	is_a
GO:0099163	GO:0099538	is_a
GO:0099548	GO:0098940	is_a
GO:0099548	GO:0099555	is_a
GO:0099548	GO:0098916	is_a
GO:0099548	GO:0098923	is_a
GO:0099548	GO:0099543	is_a
GO:0099548	GO:0099549	is_a
GO:0099548	GO:0099554	is_a
GO:0098924	GO:0098925	is_a
GO:0098924	GO:0098940	is_a
GO:0098924	GO:0099555	is_a
GO:0098924	GO:0098923	is_a
GO:0098925	GO:0099555	is_a
GO:0098940	GO:0099555	is_a
GO:0098940	GO:0098916	is_a
GO:0098940	GO:0007268	is_a
GO:0099555	GO:0099556	is_a
GO:0099555	GO:0099554	is_a
GO:0099537	GO:0098916	is_a
GO:0099537	GO:0099541	is_a
GO:0099537	GO:0099543	is_a
GO:0099537	GO:0099545	is_a
GO:0099537	GO:0099550	is_a
GO:0098916	GO:0007268	is_a
GO:0098916	GO:0098941	is_a
GO:0098916	GO:0098917	is_a
GO:0098916	GO:0099157	is_a
GO:0098916	GO:0099191	is_a
GO:0098916	GO:0099540	is_a
GO:0098916	GO:0099541	is_a
GO:0098916	GO:0099543	is_a
GO:0098916	GO:0099545	is_a
GO:0007268	GO:0007271	is_a
GO:0007268	GO:0007274	is_a
GO:0007268	GO:0098976	is_a
GO:0007268	GO:0098977	is_a
GO:0001963	GO:0007271	is_a
GO:0001963	GO:0007274	is_a
GO:0001963	GO:0035249	is_a
GO:0001963	GO:0051932	is_a
GO:0001963	GO:0060012	is_a
GO:0001963	GO:0098976	is_a
GO:0001963	GO:0099153	is_a
GO:0001963	GO:0099155	is_a
GO:0007270	GO:0007274	is_a
GO:0007270	GO:0098976	is_a
GO:0007270	GO:0099153	is_a
GO:0007271	GO:0007274	is_a
GO:0007271	GO:0051932	is_a
GO:0007271	GO:0060012	is_a
GO:0007271	GO:0098814	is_a
GO:0007271	GO:0098976	is_a
GO:0007271	GO:0098977	is_a
GO:0007271	GO:0099153	is_a
GO:0007271	GO:0099155	is_a
GO:0007274	GO:0099153	is_a
GO:0035249	GO:0051932	is_a
GO:0035249	GO:0060012	is_a
GO:0035249	GO:0098814	is_a
GO:0035249	GO:0098976	is_a
GO:0035249	GO:0098977	is_a
GO:0035249	GO:0099153	is_a
GO:0035249	GO:0099155	is_a
GO:0051932	GO:0060012	is_a
GO:0051932	GO:0098976	is_a
GO:0051932	GO:0098977	is_a
GO:0051932	GO:0099153	is_a
GO:0051932	GO:0099155	is_a
GO:0060012	GO:0098814	is_a
GO:0060012	GO:0098976	is_a
GO:0060012	GO:0099153	is_a
GO:0060012	GO:0099155	is_a
GO:0090127	GO:0098814	is_a
GO:0090127	GO:0098976	is_a
GO:0098976	GO:0098977	is_a
GO:0099153	GO:0099155	is_a
GO:0098941	GO:0098942	is_a
GO:0098941	GO:0099545	is_a
GO:0098941	GO:0099557	is_a
GO:0098917	GO:0098920	is_a
GO:0098917	GO:0098942	is_a
GO:0098917	GO:0099082	is_a
GO:0098917	GO:0099157	is_a
GO:0098917	GO:0099540	is_a
GO:0098917	GO:0099541	is_a
GO:0098917	GO:0099543	is_a
GO:0098917	GO:0099545	is_a
GO:0098920	GO:0098921	is_a
GO:0098920	GO:0098942	is_a
GO:0098920	GO:0099082	is_a
GO:0098920	GO:0099541	is_a
GO:0098920	GO:0099542	is_a
GO:0098920	GO:0099552	is_a
GO:0098921	GO:0099542	is_a
GO:0098921	GO:0099553	is_a
GO:0098923	GO:0099082	is_a
GO:0098923	GO:0099543	is_a
GO:0098923	GO:0099549	is_a
GO:0098923	GO:0099554	is_a
GO:0098942	GO:0099082	is_a
GO:0098942	GO:0099545	is_a
GO:0098942	GO:0099557	is_a
GO:0099082	GO:0099083	is_a
GO:0099082	GO:0099540	is_a
GO:0099082	GO:0099551	is_a
GO:0099083	GO:0099551	is_a
GO:0099157	GO:0099191	is_a
GO:0099157	GO:0099540	is_a
GO:0099157	GO:0099541	is_a
GO:0099157	GO:0099543	is_a
GO:0099157	GO:0099545	is_a
GO:0099157	GO:0099550	is_a
GO:0099191	GO:0099183	is_a
GO:0099191	GO:0099540	is_a
GO:0099191	GO:0099541	is_a
GO:0099191	GO:0099543	is_a
GO:0099191	GO:0099545	is_a
GO:0099191	GO:0099550	is_a
GO:0099183	GO:0099551	is_a
GO:0099183	GO:0099552	is_a
GO:0099183	GO:0099554	is_a
GO:0099183	GO:0099557	is_a
GO:0099183	GO:0099550	is_a
GO:0099540	GO:0099551	is_a
GO:0099540	GO:0099541	is_a
GO:0099540	GO:0099543	is_a
GO:0099540	GO:0099545	is_a
GO:0099540	GO:0099550	is_a
GO:0099540	GO:0099538	is_a
GO:0099551	GO:0099552	is_a
GO:0099551	GO:0099554	is_a
GO:0099551	GO:0099557	is_a
GO:0099551	GO:0099550	is_a
GO:0099541	GO:0099542	is_a
GO:0099541	GO:0099552	is_a
GO:0099541	GO:0099543	is_a
GO:0099541	GO:0099545	is_a
GO:0099541	GO:0099550	is_a
GO:0099542	GO:0099552	is_a
GO:0099553	GO:0099552	is_a
GO:0099552	GO:0099554	is_a
GO:0099552	GO:0099557	is_a
GO:0099552	GO:0099550	is_a
GO:0099543	GO:0099549	is_a
GO:0099543	GO:0099554	is_a
GO:0099543	GO:0099545	is_a
GO:0099543	GO:0099550	is_a
GO:0099549	GO:0099556	is_a
GO:0099549	GO:0099554	is_a
GO:0099556	GO:0099554	is_a
GO:0099554	GO:0099557	is_a
GO:0099554	GO:0099550	is_a
GO:0099545	GO:0099557	is_a
GO:0099545	GO:0099550	is_a
GO:0099557	GO:0099550	is_a
GO:0006874	GO:0032468	is_a
GO:0006874	GO:0032469	is_a
GO:0006874	GO:0051560	is_a
GO:0007036	GO:0032468	is_a
GO:0007036	GO:0032469	is_a
GO:0007036	GO:0051560	is_a
GO:0032468	GO:0032469	is_a
GO:0032468	GO:0051560	is_a
GO:0032469	GO:0051563	is_a
GO:0032469	GO:0051480	is_a
GO:0032469	GO:0051560	is_a
GO:0032470	GO:0051564	is_a
GO:0032470	GO:0032471	is_a
GO:0032470	GO:0051563	is_a
GO:0051564	GO:0051565	is_a
GO:0051564	GO:0051563	is_a
GO:0032471	GO:0051565	is_a
GO:0032471	GO:0051563	is_a
GO:0051565	GO:0051563	is_a
GO:0051480	GO:0051481	is_a
GO:0051480	GO:0099566	is_a
GO:0051480	GO:0051560	is_a
GO:0007204	GO:0010524	is_a
GO:0007204	GO:0060470	is_a
GO:0007204	GO:0099533	is_a
GO:0007204	GO:0099588	is_a
GO:0007204	GO:0051481	is_a
GO:0010524	GO:0051281	is_a
GO:0010524	GO:1901198	is_a
GO:0010524	GO:1901199	is_a
GO:0010524	GO:1905665	is_a
GO:0010524	GO:0060470	is_a
GO:0010524	GO:0099533	is_a
GO:0010524	GO:0099588	is_a
GO:0051281	GO:0060316	is_a
GO:0051281	GO:1905665	is_a
GO:0031587	GO:0060316	is_a
GO:1901198	GO:1901199	is_a
GO:1901198	GO:1905665	is_a
GO:1901199	GO:1905665	is_a
GO:0051482	GO:0060470	is_a
GO:0051482	GO:0099533	is_a
GO:0051482	GO:0099588	is_a
GO:0060402	GO:0097553	is_a
GO:0060402	GO:1902656	is_a
GO:0097553	GO:0098703	is_a
GO:0097553	GO:1902656	is_a
GO:0051209	GO:0061454	is_a
GO:0051209	GO:0099093	is_a
GO:0051209	GO:0099585	is_a
GO:0051209	GO:0099586	is_a
GO:0051209	GO:1903514	is_a
GO:0051209	GO:0098703	is_a
GO:0051209	GO:0099533	is_a
GO:0051209	GO:0099588	is_a
GO:0061454	GO:0099093	is_a
GO:0061454	GO:0099585	is_a
GO:0061454	GO:0099586	is_a
GO:0061454	GO:1903514	is_a
GO:1905741	GO:0099585	is_a
GO:1905741	GO:0099533	is_a
GO:0099585	GO:0099586	is_a
GO:0099585	GO:1903514	is_a
GO:0099585	GO:0099533	is_a
GO:0099586	GO:1903514	is_a
GO:0099586	GO:0099588	is_a
GO:1903514	GO:0014808	is_a
GO:0098703	GO:1902656	is_a
GO:0060470	GO:0099533	is_a
GO:0060470	GO:0099588	is_a
GO:0099533	GO:0099588	is_a
GO:0099533	GO:0099113	is_a
GO:0099533	GO:0099509	is_a
GO:0099588	GO:0099566	is_a
GO:0010617	GO:0051481	is_a
GO:0010617	GO:0099566	is_a
GO:0051481	GO:0099113	is_a
GO:0099113	GO:0099509	is_a
GO:0099509	GO:0099566	is_a
GO:0051561	GO:0051562	is_a
GO:0035148	GO:0060606	is_a
GO:0035148	GO:0072175	is_a
GO:0035149	GO:0060605	is_a
GO:0035149	GO:0060606	is_a
GO:0035149	GO:0072175	is_a
GO:0060605	GO:0060606	is_a
GO:0060605	GO:0072175	is_a
GO:0014024	GO:0014027	is_a
GO:0060606	GO:0001843	is_a
GO:0060606	GO:0072175	is_a
GO:0001843	GO:0003153	is_a
GO:0001843	GO:0061713	is_a
GO:0003153	GO:0061713	is_a
GO:0060876	GO:0072175	is_a
GO:0072175	GO:0001838	is_a
GO:0072175	GO:0030916	is_a
GO:0072175	GO:0061130	is_a
GO:0072175	GO:0072174	is_a
GO:0072175	GO:0072179	is_a
GO:0001838	GO:0001841	is_a
GO:0001838	GO:0003144	is_a
GO:0001838	GO:0014020	is_a
GO:0001838	GO:0014021	is_a
GO:0001838	GO:0072079	is_a
GO:0001838	GO:0030916	is_a
GO:0001838	GO:0061130	is_a
GO:0001838	GO:0072174	is_a
GO:0001838	GO:0072179	is_a
GO:0001841	GO:0003144	is_a
GO:0001841	GO:0014020	is_a
GO:0001841	GO:0014021	is_a
GO:0003144	GO:0003145	is_a
GO:0003144	GO:0014020	is_a
GO:0003144	GO:0014021	is_a
GO:0014020	GO:0014021	is_a
GO:0014021	GO:0072079	is_a
GO:0072079	GO:0072172	is_a
GO:0072079	GO:0072174	is_a
GO:0039006	GO:0072172	is_a
GO:0039006	GO:0072289	is_a
GO:0072172	GO:0060676	is_a
GO:0072172	GO:0061277	is_a
GO:0072172	GO:0072181	is_a
GO:0072172	GO:0072179	is_a
GO:0060676	GO:0072181	is_a
GO:0061277	GO:0072181	is_a
GO:0072181	GO:0072179	is_a
GO:0072289	GO:0072174	is_a
GO:0030916	GO:0061130	is_a
GO:0030916	GO:0072179	is_a
GO:0060616	GO:0061130	is_a
GO:0060616	GO:0072174	is_a
GO:0060616	GO:0072179	is_a
GO:0072174	GO:0072179	is_a
GO:0060562	GO:0003143	is_a
GO:0060562	GO:0007560	is_a
GO:0060562	GO:0060603	is_a
GO:0060562	GO:0061154	is_a
GO:0060562	GO:0061333	is_a
GO:0060562	GO:0072173	is_a
GO:0003143	GO:0003146	is_a
GO:0003143	GO:0007560	is_a
GO:0003143	GO:0061154	is_a
GO:0003143	GO:0061333	is_a
GO:0003143	GO:0072173	is_a
GO:0001947	GO:0003146	is_a
GO:0007560	GO:0007454	is_a
GO:0007560	GO:0007455	is_a
GO:0007560	GO:0007472	is_a
GO:0007560	GO:0007478	is_a
GO:0007560	GO:0007481	is_a
GO:0007560	GO:0007483	is_a
GO:0007560	GO:0007488	is_a
GO:0007560	GO:0060603	is_a
GO:0007560	GO:0060652	is_a
GO:0007560	GO:0061333	is_a
GO:0007560	GO:0071600	is_a
GO:0007453	GO:0007454	is_a
GO:0007453	GO:0007455	is_a
GO:0007453	GO:0007470	is_a
GO:0007453	GO:0007472	is_a
GO:0007453	GO:0007478	is_a
GO:0007453	GO:0007481	is_a
GO:0007453	GO:0007483	is_a
GO:0007453	GO:0007488	is_a
GO:0007454	GO:0007455	is_a
GO:0007454	GO:0007472	is_a
GO:0007454	GO:0007478	is_a
GO:0007454	GO:0007481	is_a
GO:0007454	GO:0007483	is_a
GO:0007454	GO:0007488	is_a
GO:0007455	GO:0007472	is_a
GO:0007455	GO:0007478	is_a
GO:0007455	GO:0007481	is_a
GO:0007455	GO:0007483	is_a
GO:0007455	GO:0007488	is_a
GO:0007470	GO:0007472	is_a
GO:0007470	GO:0007478	is_a
GO:0007470	GO:0007481	is_a
GO:0007470	GO:0007483	is_a
GO:0007472	GO:0007478	is_a
GO:0007472	GO:0007481	is_a
GO:0007472	GO:0007483	is_a
GO:0007472	GO:0007488	is_a
GO:0007478	GO:0007481	is_a
GO:0007478	GO:0007483	is_a
GO:0007478	GO:0007488	is_a
GO:0007483	GO:0007488	is_a
GO:0060603	GO:0060652	is_a
GO:0060603	GO:0061154	is_a
GO:0060603	GO:0061333	is_a
GO:0060603	GO:0071600	is_a
GO:0060603	GO:0072173	is_a
GO:0060603	GO:0072178	is_a
GO:0060652	GO:0061154	is_a
GO:0060652	GO:0061333	is_a
GO:0060652	GO:0071600	is_a
GO:0060652	GO:0072173	is_a
GO:0060652	GO:0072178	is_a
GO:0061154	GO:0061333	is_a
GO:0061154	GO:0072173	is_a
GO:0072554	GO:0097496	is_a
GO:0072554	GO:0097498	is_a
GO:0097498	GO:1902355	is_a
GO:0061333	GO:0072078	is_a
GO:0061333	GO:0072173	is_a
GO:0072078	GO:0072156	is_a
GO:0072078	GO:0072158	is_a
GO:0072078	GO:0072171	is_a
GO:0072078	GO:0072173	is_a
GO:0039008	GO:0039011	is_a
GO:0039008	GO:0039013	is_a
GO:0039008	GO:0072156	is_a
GO:0039008	GO:0072158	is_a
GO:0039008	GO:0072171	is_a
GO:0039008	GO:0072282	is_a
GO:0039011	GO:0039013	is_a
GO:0039011	GO:0072158	is_a
GO:0039011	GO:0061276	is_a
GO:0039011	GO:0072288	is_a
GO:0039013	GO:0072156	is_a
GO:0039013	GO:0061273	is_a
GO:0039013	GO:0072287	is_a
GO:0072156	GO:0061273	is_a
GO:0072156	GO:0072287	is_a
GO:0072156	GO:0072158	is_a
GO:0072156	GO:0072171	is_a
GO:0061273	GO:0072287	is_a
GO:0061273	GO:0061276	is_a
GO:0061273	GO:0061240	is_a
GO:0072287	GO:0072288	is_a
GO:0072287	GO:0072282	is_a
GO:0072158	GO:0072171	is_a
GO:0072158	GO:0072282	is_a
GO:0061276	GO:0072288	is_a
GO:0061276	GO:0061240	is_a
GO:0072288	GO:0072282	is_a
GO:0072171	GO:0060675	is_a
GO:0072171	GO:0061240	is_a
GO:0072171	GO:0072180	is_a
GO:0072171	GO:0072282	is_a
GO:0061240	GO:0072180	is_a
GO:0072180	GO:0072181	is_a
GO:0072180	GO:0072178	is_a
GO:0072180	GO:0039023	is_a
GO:0072282	GO:0072173	is_a
GO:0072178	GO:0039023	is_a